前一节点,后一节点,路线属性,票价(元),频率(分钟/趟)
泉州外国语学校,泉州一中,1路,1,20
泉州一中,学府街西段,1路,1,20
学府街西段,北门街,1路,1,20
北门街,华侨新村,1路,1,20
华侨新村,医大二院鲤城院区,1路,1,20
医大二院鲤城院区,钟楼,1路,1,20
钟楼,泉州一院,1路,1,20
泉州一院,东门,1路,1,20
东门,东湖公园,1路,1,20
东湖公园,九一街口,1路,1,20
九一街口,温陵路中段,1路,1,20
温陵路中段,津坂路口,1路,1,20
津坂路口,水务集团,1路,1,20
水务集团,刺桐公园南门,1路,1,20
刺桐公园南门,东美街口,1路,1,20
东美街口,泉秀街口,1路,1,20
泉秀街口,客运中心站南门,1路,1,20
客运中心站南门,金帝花园,1路,1,20
金帝花园,现代广场,1路,1,20
现代广场,东海街道办事处,1路,1,20
东海街道办事处,黎明大学,1路,1,20
黎明大学,宝珊花园,1路,1,20
宝珊花园,法坊路口,1路,1,20
法坊路口,霞露口,1路,1,20
霞露口,东海滨城,1路,1,20
东海滨城,格联通街,1路,1,20
格联通街,东滨路口,1路,1,20
东滨路口,格联通街口,1路,1,20
格联通街口,公交东海站,1路,1,20
公交东海站,霞塘,1路,1,20
霞塘,东梅,1路,1,20
东梅,泉州师院,1路,1,20
泉州师院,东海大街口,1路,1,20
东海大街口,府西路,1路,1,20
府西路,泉州行政中心,1路,1,20
泉州行政中心,晋光小学东海校区,1路,1,20
晋光小学东海校区,海星小区,1路,1,20
,,,,
福厦铁路泉州站,泉州软件园,2路,1,30
泉州软件园,霞美,2路,1,30
霞美,曾坑,2路,1,30
曾坑,黄龙大桥头,2路,1,30
黄龙大桥头,招贤社区,2路,1,30
招贤社区,丰泽实小潘山校区,2路,1,30
丰泽实小潘山校区,北清西路,2路,1,30
北清西路,溪墘村口,2路,1,30
溪墘村口,送客亭,2路,1,30
送客亭,段湖村,2路,1,30
段湖村,西郊,2路,1,30
西郊,孟衙巷口,2路,1,30
孟衙巷口,龙头山,2路,1,30
龙头山,临漳水闸,2路,1,30
临漳水闸,金洲寺,2路,1,30
金洲寺,金洲旱闸,2路,1,30
金洲旱闸,新华旱闸,2路,1,30
新华旱闸,金山水闸,2路,1,30
金山水闸,义全街西段,2路,1,30
义全街西段,鲤城公安分局,2路,1,30
鲤城公安分局,幸福街口,2路,1,30
幸福街口,泉秀街西段,2路,1,30
泉秀街西段,浦西路口,2路,1,30
浦西路口,刺桐路口,2路,1,30
刺桐路口,泉州电信公司,2路,1,30
泉州电信公司,正骨医院,2路,1,30
正骨医院,行政执法局,2路,1,30
行政执法局,宝洲街口,2路,1,30
宝洲街口,坪山路南段,2路,1,30
坪山路南段,客运中心站东门,2路,1,30
客运中心站东门,院前公交站,2路,1,30
,,,,
福厦铁路泉州站,泉州软件园（北）,3路,1,15
泉州软件园（北）,群峰社区,3路,1,15
群峰社区,玉井村,3路,1,15
玉井村,上下村,3路,1,15
上下村,戴厝,3路,1,15
戴厝,群石小学,3路,1,15
群石小学,田边,3路,1,15
田边,田边村口,3路,1,15
田边村口,清源山风景区（910医院路口）,3路,1,15
清源山风景区（910医院路口）,花园头,3路,1,15
花园头,花博园,3路,1,15
花博园,泉山路南段,3路,1,15
泉山路南段,普明村,3路,1,15
普明村,北门街,3路,1,15
北门街,华侨新村,3路,1,15
华侨新村,医大二院鲤城院区,3路,1,15
医大二院鲤城院区,钟楼,3路,1,15
钟楼,泉州一院,3路,1,15
泉州一院,东门,3路,1,15
东门,东湖公园,3路,1,15
东湖公园,九一街口,3路,1,15
九一街口,儿童医院,3路,1,15
儿童医院,泰和兴业,3路,1,15
泰和兴业,人民医院,3路,1,15
人民医院,公交大厦,3路,1,15
公交大厦,坪山洞东侧,3路,1,15
坪山洞东侧,山海路口,3路,1,15
山海路口,东星,3路,1,15
东星,埭头,3路,1,15
埭头,前头,3路,1,15
前头,浔美,3路,1,15
浔美,世界城东门,3路,1,15
世界城东门,泉州一院城东分院,3路,1,15
泉州一院城东分院,泉州一院城东分院首末站,3路,1,15
,,,,
四黄,吓厝,4路,1,25
吓厝,交警高速支队二大队,4路,1,25
交警高速支队二大队,新宅,4路,1,25
新宅,仙塘,4路,1,25
仙塘,森隆电讯,4路,1,25
森隆电讯,常泰路中段,4路,1,25
常泰路中段,泰明街西段,4路,1,25
泰明街西段,锦田村,4路,1,25
锦田村,明新华侨中学,4路,1,25
明新华侨中学,斗南路口,4路,1,25
斗南路口,古店社区,4路,1,25
古店社区,培新机械厂,4路,1,25
培新机械厂,道崎鞋业,4路,1,25
道崎鞋业,侨乡旧货,4路,1,25
侨乡旧货,石崎农贸市场,4路,1,25
石崎农贸市场,浮桥街道办事处,4路,1,25
浮桥街道办事处,三千坛,4路,1,25
三千坛,蔬菜公司,4路,1,25
蔬菜公司,甲第巷口,4路,1,25
甲第巷口,新门菜市,4路,1,25
新门菜市,府文庙,4路,1,25
府文庙,关帝庙,4路,1,25
关帝庙,棋盘园,4路,1,25
棋盘园,海关大楼,4路,1,25
海关大楼,泉秀街西段,4路,1,25
泉秀街西段,浦西路口,4路,1,25
浦西路口,刺桐路口,4路,1,25
刺桐路口,客运中心站南门,4路,1,25
客运中心站南门,客运中心站东门,4路,1,25
客运中心站东门,妙云街口,4路,1,25
妙云街口,市皮肤医院,4路,1,25
市皮肤医院,北师大附中,4路,1,25
,,,,
九日山,九日山(307省道),6路,1,25
九日山(307省道),中南酒店,6路,1,25
中南酒店,侨中路路口,6路,1,25
侨中路路口,顶堡村,6路,1,25
顶堡村,丰州,6路,1,25
丰州,糖房,6路,1,25
糖房,塘房中路,6路,1,25
塘房中路,见龙亭小区南门,6路,1,25
见龙亭小区南门,招贤社区,6路,1,25
招贤社区,丰泽实小潘山校区,6路,1,25
丰泽实小潘山校区,北清西路,6路,1,25
北清西路,北峰工业区,6路,1,25
北峰工业区,坑尾路口,6路,1,25
坑尾路口,西湖公园,6路,1,25
西湖公园,邮电公寓,6路,1,25
邮电公寓,建南花园,6路,1,25
建南花园,新华小区,6路,1,25
新华小区,西湖小区,6路,1,25
西湖小区,培元中学,6路,1,25
培元中学,开元寺西门,6路,1,25
开元寺西门,省五建,6路,1,25
省五建,新门菜市,6路,1,25
新门菜市,新门街头,6路,1,25
新门街头,府文庙,6路,1,25
府文庙,关帝庙,6路,1,25
关帝庙,棋盘园,6路,1,25
棋盘园,海关大楼,6路,1,25
海关大楼,温陵路南段,6路,1,25
温陵路南段,宝洲街西段,6路,1,25
宝洲街西段,东南医院,6路,1,25
东南医院,浦西村口,6路,1,25
浦西村口,宝洲街中段,6路,1,25
宝洲街中段,雅园路口,6路,1,25
雅园路口,宝洲街口,6路,1,25
宝洲街口,坪山路南段,6路,1,25
坪山路南段,客运中心站东门,6路,1,25
客运中心站东门,院前公交站,6路,1,25
,,,,
文化宫,百源路,7路,1,15
百源路,关帝庙,7路,1,15
关帝庙,棋盘园,7路,1,15
棋盘园,津坂路口,7路,1,15
津坂路口,水务集团,7路,1,15
水务集团,刺桐公园南门,7路,1,15
刺桐公园南门,祥业花园,7路,1,15
祥业花园,丰泽街口,7路,1,15
丰泽街口,人民医院,7路,1,15
人民医院,公交大厦,7路,1,15
公交大厦,坪山洞东侧,7路,1,15
坪山洞东侧,山海路口,7路,1,15
山海路口,东星,7路,1,15
东星,埭头,7路,1,15
埭头,前头,7路,1,15
前头,浔美,7路,1,15
浔美,世界城东门,7路,1,15
世界城东门,泉州一院城东分院,7路,1,15
泉州一院城东分院,海峡体育中心北门,7路,1,15
海峡体育中心北门,体育中心北四门,7路,1,15
体育中心北四门,城东中学,7路,1,15
城东中学,华侨大学首末站,7路,1,15
,,,,
文化宫,百源路,8路,1,20
百源路,关帝庙,8路,1,20
关帝庙,天后路北段,8路,1,20
天后路北段,幸福街口,8路,1,20
幸福街口,温陵路南段,8路,1,20
温陵路南段,宝洲街西段,8路,1,20
宝洲街西段,东南医院,8路,1,20
东南医院,浦西村口,8路,1,20
浦西村口,宝洲街中段,8路,1,20
宝洲街中段,丰泽交警大队,8路,1,20
丰泽交警大队,刺桐南路中段,8路,1,20
刺桐南路中段,客运中心站南门,8路,1,20
客运中心站南门,金帝花园,8路,1,20
金帝花园,现代广场,8路,1,20
现代广场,东海街道办事处,8路,1,20
东海街道办事处,黎明大学,8路,1,20
黎明大学,宝珊花园,8路,1,20
宝珊花园,法坊路口,8路,1,20
法坊路口,霞露口,8路,1,20
霞露口,东海滨城,8路,1,20
东海滨城,格联通街,8路,1,20
格联通街,东滨路口,8路,1,20
东滨路口,格联通街口,8路,1,20
格联通街口,公交东海站,8路,1,20
公交东海站,霞塘,8路,1,20
霞塘,东梅,8路,1,20
东梅,泉州师院,8路,1,20
泉州师院,东海大街口,8路,1,20
东海大街口,府西路,8路,1,20
府西路,泉州行政中心,8路,1,20
泉州行政中心,晋光小学东海校区,8路,1,20
晋光小学东海校区,海星小区,8路,1,20
海星小区,海星小区首末站,8路,1,20
,,,,
文化宫,承天寺,10路,3.5,10
承天寺,泉州一院,10路,3.5,10
泉州一院,东门,10路,3.5,10
东门,东湖影院,10路,3.5,10
东湖影院,柑舍头,10路,3.5,10
柑舍头,圣福花苑,10路,3.5,10
圣福花苑,后茂路口,10路,3.5,10
后茂路口,泉州科技中学,10路,3.5,10
泉州科技中学,北清东路中石油,10路,3.5,10
北清东路中石油,泉州歌舞剧院,10路,3.5,10
泉州歌舞剧院,花园头,10路,3.5,10
花园头,清源山风景区（910医院路口）,10路,3.5,10
清源山风景区（910医院路口）,田边村口,10路,3.5,10
田边村口,田边,10路,3.5,10
田边,群石小学,10路,3.5,10
群石小学,戴厝,10路,3.5,10
戴厝,上下村,10路,3.5,10
上下村,山兜,10路,3.5,10
山兜,工业区路口,10路,3.5,10
工业区路口,双阳街道办事处,10路,3.5,10
双阳街道办事处,双阳中学,10路,3.5,10
双阳中学,仕林坑,10路,3.5,10
仕林坑,黑峰山,10路,3.5,10
黑峰山,埔边,10路,3.5,10
埔边,霞溪,10路,3.5,10
霞溪,浮桥村,10路,3.5,10
浮桥村,下庄路口,10路,3.5,10
下庄路口,河市,10路,3.5,10
,,,,
市消防支队古城中队,蔬菜公司,14路,1,30
蔬菜公司,甲第巷口,14路,1,30
甲第巷口,新门菜市,14路,1,30
新门菜市,新门街头,14路,1,30
新门街头,府文庙,14路,1,30
府文庙,关帝庙,14路,1,30
关帝庙,棋盘园,14路,1,30
棋盘园,津坂路口,14路,1,30
津坂路口,水务集团,14路,1,30
水务集团,刺桐公园南门,14路,1,30
刺桐公园南门,东美小区,14路,1,30
东美小区,丰泽区政府,14路,1,30
丰泽区政府,妙云街口,14路,1,30
妙云街口,客运中心站东门,14路,1,30
客运中心站东门,金帝花园,14路,1,30
金帝花园,现代广场,14路,1,30
现代广场,东海街道办事处,14路,1,30
东海街道办事处,黎明大学,14路,1,30
黎明大学,宝珊花园,14路,1,30
宝珊花园,大兴街,14路,1,30
大兴街,霞露口,14路,1,30
霞露口,迎宾馆路口,14路,1,30
迎宾馆路口,森林公园,14路,1,30
森林公园,赵厝路口,14路,1,30
赵厝路口,莲垵,14路,1,30
莲垵,后渚,14路,1,30
后渚,泉州海警局,14路,1,30
泉州海警局,市政务中心,14路,1,30
市政务中心,市政务中心(双垵街),14路,1,30
市政务中心(双垵街),市政务中心(府东路北段),14路,1,30
市政务中心(府东路北段),泉州行政中心,14路,1,30
泉州行政中心,府西路,14路,1,30
府西路,东海大街口,14路,1,30
东海大街口,泉州师院,14路,1,30
泉州师院,东梅,14路,1,30
东梅,霞塘,14路,1,30
霞塘,公交东海站,14路,1,30
,,,,
客运中心站,坪山路南段,15路,1,25
坪山路南段,宝洲街口,15路,1,25
宝洲街口,雅园路口,15路,1,25
雅园路口,宝洲街中段,15路,1,25
宝洲街中段,浦西村口,15路,1,25
浦西村口,东南医院,15路,1,25
东南医院,泉秀街道办事处,15路,1,25
泉秀街道办事处,泉秀街西段,15路,1,25
泉秀街西段,海关大楼,15路,1,25
海关大楼,温陵路中段,15路,1,25
温陵路中段,九一街口,15路,1,25
九一街口,东湖公园,15路,1,25
东湖公园,东门,15路,1,25
东门,红梅新村,15路,1,25
红梅新村,泉州电大,15路,1,25
泉州电大,学府街东段,15路,1,25
学府街东段,泉州外国语学校,15路,1,25
泉州外国语学校,泉州一中,15路,1,25
泉州一中,学府街西段,15路,1,25
学府街西段,普明村,15路,1,25
普明村,泉山路南段,15路,1,25
泉山路南段,倒松,15路,1,25
倒松,干休所路口,15路,1,25
干休所路口,技工学校,15路,1,25
技工学校,清源山风景区,15路,1,25
,,,,
福厦铁路泉州站,泉州软件园,17路,1,10
泉州软件园,霞美,17路,1,10
霞美,曾坑,17路,1,10
曾坑,黄龙大桥头,17路,1,10
黄龙大桥头,招贤社区,17路,1,10
招贤社区,丰泽实小潘山校区,17路,1,10
丰泽实小潘山校区,北清西路,17路,1,10
北清西路,北峰工业区,17路,1,10
北峰工业区,坑尾路口,17路,1,10
坑尾路口,西湖公园,17路,1,10
西湖公园,邮电公寓,17路,1,10
邮电公寓,建南花园,17路,1,10
建南花园,新华小区,17路,1,10
新华小区,西湖小区,17路,1,10
西湖小区,城北路西段,17路,1,10
城北路西段,朝天门,17路,1,10
朝天门,北门街,17路,1,10
北门街,华侨新村,17路,1,10
华侨新村,医大二院鲤城院区,17路,1,10
医大二院鲤城院区,钟楼,17路,1,10
钟楼,泉州一院,17路,1,10
泉州一院,东门,17路,1,10
东门,东湖影院,17路,1,10
东湖影院,田安路北段,17路,1,10
田安路北段,闽侨站,17路,1,10
闽侨站,青少年宫,17路,1,10
青少年宫,丰泽小区,17路,1,10
丰泽小区,后坂街口,17路,1,10
后坂街口,信和站,17路,1,10
信和站,泉秀街西段,17路,1,10
泉秀街西段,温陵路南段,17路,1,10
温陵路南段,宝洲街西段,17路,1,10
宝洲街西段,东南医院,17路,1,10
东南医院,浦西村口,17路,1,10
浦西村口,宝洲街中段,17路,1,10
宝洲街中段,雅园路口,17路,1,10
雅园路口,宝洲花园,17路,1,10
宝洲花园,董埭路口,17路,1,10
董埭路口,云鹿路口,17路,1,10
云鹿路口,云山小学,17路,1,10
云山小学,北师大附中,17路,1,10
,,,,
苏夫人姑庙,上村路口,20路,1,30
上村路口,泉海机械,20路,1,30
泉海机械,鲤城区教育基地,20路,1,30
鲤城区教育基地,赤土村口,20路,1,30
赤土村口,泉州经贸学院,20路,1,30
泉州经贸学院,高新科技园,20路,1,30
高新科技园,市中医院,20路,1,30
市中医院,笋江路中段,20路,1,30
笋江路中段,笋江路东段,20路,1,30
笋江路东段,浮桥站,20路,1,30
浮桥站,霞洲,20路,1,30
霞洲,锦工中路口,20路,1,30
锦工中路口,王宫,20路,1,30
王宫,泉州建材市场,20路,1,30
泉州建材市场,上埕路口,20路,1,30
上埕路口,浦口,20路,1,30
浦口,宝洲街西段,20路,1,30
宝洲街西段,东南医院,20路,1,30
东南医院,浦西村口,20路,1,30
浦西村口,宝洲街中段,20路,1,30
宝洲街中段,雅园路口,20路,1,30
雅园路口,宝洲街口,20路,1,30
宝洲街口,坪山路南段,20路,1,30
坪山路南段,客运中心站东门,20路,1,30
客运中心站东门,院前公交站,20路,1,30
,,,,
西湖公园,邮电公寓,21路,1,8
邮电公寓,建南花园,21路,1,8
建南花园,西湖街西段,21路,1,8
西湖街西段,西湖街中段,21路,1,8
西湖街中段,西湖街东段,21路,1,8
西湖街东段,普明村,21路,1,8
普明村,北门街,21路,1,8
北门街,华侨新村,21路,1,8
华侨新村,医大二院鲤城院区,21路,1,8
医大二院鲤城院区,钟楼,21路,1,8
钟楼,承天寺,21路,1,8
承天寺,百源路,21路,1,8
百源路,府文庙,21路,1,8
府文庙,水门巷口,21路,1,8
水门巷口,指挥巷口,21路,1,8
指挥巷口,义全街口,21路,1,8
义全街口,鲤城公安分局,21路,1,8
鲤城公安分局,幸福街口,21路,1,8
幸福街口,泉秀街西段,21路,1,8
泉秀街西段,浦西路口,21路,1,8
浦西路口,刺桐路口,21路,1,8
刺桐路口,客运中心站南门,21路,1,8
客运中心站南门,金帝花园,21路,1,8
金帝花园,现代广场,21路,1,8
现代广场,东海街道办事处,21路,1,8
东海街道办事处,黎明大学,21路,1,8
黎明大学,宝珊花园,21路,1,8
宝珊花园,法坊路口,21路,1,8
法坊路口,霞露口,21路,1,8
霞露口,东海滨城,21路,1,8
东海滨城,医大二院东海院区,21路,1,8
医大二院东海院区,东海大街中段,21路,1,8
东海大街中段,东海大街东段,21路,1,8
东海大街东段,泉州师院,21路,1,8
,,,,
福厦铁路泉州站,泉州软件园,22路,1,35
泉州软件园,霞美,22路,1,35
霞美,曾坑,22路,1,35
曾坑,黄龙大桥头,22路,1,35
黄龙大桥头,潘山市场,22路,1,35
潘山市场,丰泽实小潘山校区,22路,1,35
丰泽实小潘山校区,北清西路,22路,1,35
北清西路,北峰工业区,22路,1,35
北峰工业区,坑尾路口,22路,1,35
坑尾路口,西湖公园,22路,1,35
西湖公园,邮电公寓,22路,1,35
邮电公寓,建南花园,22路,1,35
建南花园,新华小区,22路,1,35
新华小区,西湖小区,22路,1,35
西湖小区,城北路西段,22路,1,35
城北路西段,朝天门,22路,1,35
朝天门,学府街西段,22路,1,35
学府街西段,泉州一中,22路,1,35
泉州一中,泉州外国语学校,22路,1,35
泉州外国语学校,南俊路北段,22路,1,35
南俊路北段,泉州一院,22路,1,35
泉州一院,东门,22路,1,35
东门,东湖影院,22路,1,35
东湖影院,侨乡体育馆,22路,1,35
侨乡体育馆,人才大厦,22路,1,35
人才大厦,湖心街口,22路,1,35
湖心街口,东方银座,22路,1,35
东方银座,刺桐公园,22路,1,35
刺桐公园,东美街口,22路,1,35
东美街口,泉秀街口,22路,1,35
泉秀街口,客运中心站南门,22路,1,35
客运中心站南门,客运中心站东门,22路,1,35
客运中心站东门,妙云街口,22路,1,35
,,,,
中骏商城S公寓,高新科技园,23路,1,30
高新科技园,洋仕村口(市中医院东),23路,1,30
洋仕村口(市中医院东),樟崎村口,23路,1,30
樟崎村口,万祥汽车站,23路,1,30
万祥汽车站,池峰路中段,23路,1,30
池峰路中段,南天裕景,23路,1,30
南天裕景,桥南片区,23路,1,30
桥南片区,晋江第三实小路口,23路,1,30
晋江第三实小路口,华洲,23路,1,30
华洲,华洲家装市场,23路,1,30
华洲家装市场,温陵路南段,23路,1,30
温陵路南段,海关大楼,23路,1,30
海关大楼,温陵路中段,23路,1,30
温陵路中段,儿童医院,23路,1,30
儿童医院,青少年宫,23路,1,30
青少年宫,湖心街中段,23路,1,30
湖心街中段,线务局,23路,1,30
线务局,圣墓,23路,1,30
圣墓,坪山路口,23路,1,30
坪山路口,明日广场,23路,1,30
明日广场,火车东站,23路,1,30
,,,,
万祥汽车站,乌石路口,24路,1,20
乌石路口,国防教育中心,24路,1,20
国防教育中心,火炬工业区路口,24路,1,20
火炬工业区路口,浦口,24路,1,20
浦口,上埕路口,24路,1,20
上埕路口,泉州建材市场,24路,1,20
泉州建材市场,王宫,24路,1,20
王宫,锦工中路口,24路,1,20
锦工中路口,霞洲,24路,1,20
霞洲,浮桥站,24路,1,20
浮桥站,三千坛,24路,1,20
三千坛,蔬菜公司,24路,1,20
蔬菜公司,甲第巷口,24路,1,20
甲第巷口,新门菜市,24路,1,20
新门菜市,新门街头,24路,1,20
新门街头,水门巷口,24路,1,20
水门巷口,指挥巷口,24路,1,20
指挥巷口,义全街口,24路,1,20
义全街口,鲤城公安分局,24路,1,20
鲤城公安分局,幸福街口,24路,1,20
幸福街口,温陵路南段,24路,1,20
温陵路南段,宝洲街西段,24路,1,20
宝洲街西段,东南医院,24路,1,20
东南医院,浦西村口,24路,1,20
浦西村口,宝洲街中段,24路,1,20
宝洲街中段,丰泽交警大队,24路,1,20
丰泽交警大队,刺桐南路中段,24路,1,20
刺桐南路中段,客运中心站南门,24路,1,20
客运中心站南门,客运中心站,24路,1,20
,,,,
泉州江南老年颐乐园,亭点街尾,25路,1,40
亭点街尾,万祥汽车站,25路,1,40
万祥汽车站,乌石路口,25路,1,40
乌石路口,国防教育中心,25路,1,40
国防教育中心,火炬工业区路口,25路,1,40
火炬工业区路口,朵莲寺,25路,1,40
朵莲寺,金山水闸,25路,1,40
金山水闸,新华南路,25路,1,40
新华南路,金山北区,25路,1,40
金山北区,新华桥,25路,1,40
新华桥,芳草园,25路,1,40
芳草园,新门菜市,25路,1,40
新门菜市,新门街头,25路,1,40
新门街头,府文庙,25路,1,40
府文庙,百源路,25路,1,40
百源路,承天寺,25路,1,40
承天寺,泉州一院,25路,1,40
泉州一院,东门,25路,1,40
东门,东湖影院,25路,1,40
东湖影院,侨乡体育馆,25路,1,40
侨乡体育馆,圣墓,25路,1,40
圣墓,坪山路口,25路,1,40
坪山路口,明日广场,25路,1,40
明日广场,泉州盲聋哑学校,25路,1,40
泉州盲聋哑学校,华大街道办事处,25路,1,40
,,,,
见龙亭小区,招联路口,26路,1,15
招联路口,见龙亭小区南门,26路,1,15
见龙亭小区南门,潘山市场,26路,1,15
潘山市场,丰泽实小潘山校区,26路,1,15
丰泽实小潘山校区,北清西路,26路,1,15
北清西路,北峰工业区,26路,1,15
北峰工业区,坑尾路口,26路,1,15
坑尾路口,西湖公园,26路,1,15
西湖公园,邮电公寓,26路,1,15
邮电公寓,建南花园,26路,1,15
建南花园,新华小区,26路,1,15
新华小区,西湖小区,26路,1,15
西湖小区,培元中学,26路,1,15
培元中学,开元寺西门,26路,1,15
开元寺西门,省五建,26路,1,15
省五建,新门菜市,26路,1,15
新门菜市,新门街头,26路,1,15
新门街头,府文庙,26路,1,15
府文庙,关帝庙,26路,1,15
关帝庙,棋盘园,26路,1,15
棋盘园,津坂路口,26路,1,15
津坂路口,水务集团,26路,1,15
水务集团,刺桐公园南门,26路,1,15
刺桐公园南门,祥远路南段,26路,1,15
祥远路南段,远太苑,26路,1,15
远太苑,祥园路北段,26路,1,15
祥园路北段,公交大厦,26路,1,15
公交大厦,坪山洞东侧,26路,1,15
坪山洞东侧,山海路口,26路,1,15
山海路口,东星,26路,1,15
东星,埭头,26路,1,15
埭头,同兴街,26路,1,15
同兴街,美仙路,26路,1,15
美仙路,东辅路中段,26路,1,15
东辅路中段,东辅路北段,26路,1,15
东辅路北段,体育街西段,26路,1,15
体育街西段,世界城北门,26路,1,15
世界城北门,泉州一院城东分院,26路,1,15
泉州一院城东分院,金凤屿路口,26路,1,15
金凤屿路口,医高专,26路,1,15
,,,,
西湖公园,邮电公寓,27路,1,10
邮电公寓,建南花园,27路,1,10
建南花园,西湖街西段,27路,1,10
西湖街西段,西湖街中段,27路,1,10
西湖街中段,西湖街东段,27路,1,10
西湖街东段,普明村,27路,1,10
普明村,大希夷,27路,1,10
大希夷,刺桐新村路口,27路,1,10
刺桐新村路口,泉州科技中学,27路,1,10
泉州科技中学,后茂路口,27路,1,10
后茂路口,圣福花苑,27路,1,10
圣福花苑,柑舍头,27路,1,10
柑舍头,田安路北段,27路,1,10
田安路北段,闽侨站,27路,1,10
闽侨站,青少年宫,27路,1,10
青少年宫,丰泽小区,27路,1,10
丰泽小区,后坂街口,27路,1,10
后坂街口,信和站,27路,1,10
信和站,泉秀街西段,27路,1,10
泉秀街西段,幸福街口,27路,1,10
幸福街口,鲤城公安分局,27路,1,10
鲤城公安分局,大隘门,27路,1,10
大隘门,土地后,27路,1,10
土地后,朵莲寺,27路,1,10
朵莲寺,展览城,27路,1,10
展览城,金浦供水公司,27路,1,10
金浦供水公司,清濛,27路,1,10
清濛,诺林商城,27路,1,10
诺林商城,清濛科技园,27路,1,10
清濛科技园,仙公山公园,27路,1,10
仙公山公园,御辇村,27路,1,10
御辇村,清濛唐厝村,27路,1,10
,,,,
温陵路公交首末站,海关大楼,28路,1,120
海关大楼,温陵路中段,28路,1,120
温陵路中段,九一路口,28路,1,120
九一街口,东湖公园,28路,1,120
东湖公园,东湖影院,28路,1,120
东湖影院,柑舍头,28路,1,120
柑舍头,圣福花苑,28路,1,120
圣福花苑,靶场路口,28路,1,120
靶场路口,瑞像岩,28路,1,120
瑞像岩,水流坑,28路,1,120
水流坑,天湖路口,28路,1,120
天湖路口,微波站,28路,1,120
微波站,福鼎村口,28路,1,120
福鼎村口,清源山柳洋村,28路,1,120
,,,,
曾林村,大乡村,29路,1,15
大乡村,坑头村,29路,1,15
坑头村,赤土村,29路,1,15
赤土村,元福路口,29路,1,15
元福路口,赤土村口,29路,1,15
赤土村口,泉州经贸学院,29路,1,15
泉州经贸学院,高新科技园,29路,1,15
高新科技园,市中医院,29路,1,15
市中医院,笋江路中段,29路,1,15
笋江路中段,笋江路东段,29路,1,15
笋江路东段,三千坛,29路,1,15
三千坛,蔬菜公司,29路,1,15
蔬菜公司,甲第巷口,29路,1,15
甲第巷口,新门菜市,29路,1,15
新门菜市,鲤城区政府,29路,1,15
鲤城区政府,九一街,29路,1,15
九一街,儿童医院,29路,1,15
儿童医院,泰和兴业,29路,1,15
泰和兴业,人民医院,29路,1,15
人民医院,公交大厦,29路,1,15
公交大厦,云吞山兜,29路,1,15
云吞山兜,泉州农校,29路,1,15
泉州农校,云谷工业区,29路,1,15
云谷工业区,妙云街口,29路,1,15
妙云街口,客运中心站东门,29路,1,15
客运中心站东门,客运中心站,29路,1,15
,,,,
清源山风景区,清源山风景区（910医院路口）,30路,1,30
清源山风景区（910医院路口）,花园头,30路,1,30
花园头,花博园,30路,1,30
花博园,北清东路中石油,30路,1,30
北清东路中石油,泉州科技中学,30路,1,30
泉州科技中学,后茂路口,30路,1,30
后茂路口,温陵北路口,30路,1,30
温陵北路口,盛达花园,30路,1,30
盛达花园,仁风社区,30路,1,30
仁风社区,东湖公园,30路,1,30
东湖公园,九一街口,30路,1,30
九一街口,儿童医院,30路,1,30
儿童医院,泰和兴业,30路,1,30
泰和兴业,人民医院,30路,1,30
人民医院,公交大厦,30路,1,30
公交大厦,云谷山兜,30路,1,30
云谷山兜,泉州农校,30路,1,30
泉州农校,云谷工业区,30路,1,30
云谷工业区,妙云街口,30路,1,30
妙云街口,客运中心站东门,30路,1,30
客运中心站东门,坪山路南段,30路,1,30
坪山路南段,宝洲花园,30路,1,30
宝洲花园,董埭路口,30路,1,30
董埭路口,东海街道办事处,30路,1,30
东海街道办事处,黎明大学,30路,1,30
黎明大学,宝珊花园,30路,1,30
宝珊花园,法坊路口,30路,1,30
法坊路口,霞露口,30路,1,30
霞露口,东海滨城,30路,1,30
东海滨城,医大二院东海院区,30路,1,30
医大二院东海院区,东海大街中段,30路,1,30
东海大街中段,东海大街东段,30路,1,30
东海大街东段,泉州师院,30路,1,30
泉州师院,东海大街口,30路,1,30
东海大街口,府西路,30路,1,30
府西路,泉州行政中心,30路,1,30
泉州行政中心,晋光小学东海校区,30路,1,30
晋光小学东海校区,海星小区,30路,1,30
,,,,
圣墓,凤山村,31路,2,20
凤山村,湖心街东段,31路,2,20
湖心街东段,湖心街中段,31路,2,20
湖心街中段,东湖菜市场,31路,2,20
东湖菜市场,水漈路口,31路,2,20
水漈路口,九一街,31路,2,20
九一街,打锡街,31路,2,20
打锡街,鲤城区政府,31路,2,20
鲤城区政府,新门菜市,31路,2,20
新门菜市,芳草园,31路,2,20
芳草园,新华桥,31路,2,20
新华桥,金山北区,31路,2,20
金山北区,新华南路,31路,2,20
新华南路,新华旱闸,31路,2,20
新华旱闸,金洲旱闸,31路,2,20
金洲旱闸,金洲寺,31路,2,20
金洲寺,临漳水闸,31路,2,20
临漳水闸,三千坛,31路,2,20
三千坛,浮桥站,31路,2,20
浮桥站,霞洲,31路,2,20
霞洲,锦工中路口,31路,2,20
锦工中路口,王宫,31路,2,20
王宫,泉州建材市场,31路,2,20
泉州建材市场,上埕路口,31路,2,20
上埕路口,浦口,31路,2,20
浦口,展览城,31路,2,20
展览城,金浦供水公司,31路,2,20
金浦供水公司,清濛,31路,2,20
清濛,诺林商城,31路,2,20
诺林商城,清濛科技园,31路,2,20
清濛科技园,崇祥街,31路,2,20
崇祥街,兴泰路南段,31路,2,20
兴泰路南段,崇顺街,31路,2,20
崇顺街,吉泰路富丽,31路,2,20
吉泰路富丽,旧铺村后岭,31路,2,20
旧铺村后岭,清濛缺井村,31路,2,20
清濛缺井村,崇宏街西段,31路,2,20
崇宏街西段,福泰路口,31路,2,20
福泰路口,高尔夫球场,31路,2,20
高尔夫球场,后厝街站,31路,2,20
后厝街站,洋店,31路,2,20
洋店,晋江旧货市场,31路,2,20
晋江旧货市场,苏垵路口,31路,2,20
苏垵路口,开元路口,31路,2,20
开元路口,泉州综合保税区,31路,2,20
,,,,
泉州一院城东分院首末站,泉州一院城东分院,32路,1,23
泉州一院城东分院,世界城北门,32路,1,23
世界城北门,体育街西段,32路,1,23
体育街西段,东浦路北段,32路,1,23
东浦路北段,东方花园城,32路,1,23
东方花园城,黄林新村,32路,1,23
黄林新村,明日广场站,32路,1,23
明日广场站,坪山路口,32路,1,23
坪山路口,圣墓,32路,1,23
圣墓,线务局,32路,1,23
线务局,国税局,32路,1,23
国税局,丰泽路口,32路,1,23
丰泽路口,祥业花园,32路,1,23
祥业花园,东美街口,32路,1,23
东美街口,公路一公司,32路,1,23
公路一公司,刺桐南路中段,32路,1,23
刺桐南路中段,丰泽交警大队,32路,1,23
丰泽交警大队,溜石村口,32路,1,23
溜石村口,霞福村口,32路,1,23
霞福村口,中远学校,32路,1,23
中远学校,东山站,32路,1,23
东山站,安踏鞋业,32路,1,23
安踏鞋业,华洲,32路,1,23
华洲,海丝景城路口,32路,1,23
海丝景城路口,海丝景城,32路,1,23
海丝景城,兴霞路,32路,1,23
兴霞路,百捷中央广场,32路,1,23
,,,,
福厦铁路泉州站,泉州软件园,33路,1,18
泉州软件园,霞美,33路,1,18
霞美,曾坑,33路,1,18
曾坑,黄龙大桥头,33路,1,18
黄龙大桥头,招贤社区,33路,1,18
招贤社区,丰泽实小潘山校区,33路,1,18
丰泽实小潘山校区,北清西路,33路,1,18
北清西路,北峰工业区,33路,1,18
北峰工业区,坑尾路口,33路,1,18
坑尾路口,西湖公园,33路,1,18
西湖公园,邮电公寓,33路,1,18
邮电公寓,建南花园,33路,1,18
建南花园,新华小区,33路,1,18
新华小区,西湖小区,33路,1,18
西湖小区,邮电公寓,33路,1,18
邮电公寓,建南花园,33路,1,18
建南花园,新华小区,33路,1,18
新华小区,西湖小区,33路,1,18
西湖小区,培元中学,33路,1,18
培元中学,开元寺西门,33路,1,18
开元寺西门,省五建,33路,1,18
省五建,新门菜市,33路,1,18
新门菜市,新门街头,33路,1,18
新门街头,府文庙,33路,1,18
府文庙,关帝庙,33路,1,18
关帝庙,棋盘园,33路,1,18
棋盘园,海关大楼,33路,1,18
海关大楼,泉州汽车站,33路,1,18
,,,,
田洋村,紫新路,41路,1,40
紫新路,鲤城区教育基地,41路,1,40
鲤城区教育基地,赤土村口,41路,1,40
赤土村口,泉州经贸学院,41路,1,40
泉州经贸学院,高新科技园,41路,1,40
高新科技园,洋仕村口(市中医院东),41路,1,40
洋仕村口(市中医院东),樟崎村口,41路,1,40
樟崎村口,乌石路口,41路,1,40
乌石路口,火炬街中段,41路,1,40
火炬街中段,火炬街东段,41路,1,40
火炬街东段,泉州建材市场,41路,1,40
泉州建材市场,王宫,41路,1,40
王宫,锦工中路口,41路,1,40
锦工中路口,霞洲,41路,1,40
霞洲,浮桥站,41路,1,40
浮桥站,三千坛,41路,1,40
三千坛,龙头山,41路,1,40
龙头山,孟衙巷口,41路,1,40
孟衙巷口,城西路北段,41路,1,40
城西路北段,培元中学,41路,1,40
培元中学,开元寺西门,41路,1,40
开元寺西门,省五建,41路,1,40
省五建,新门菜市,41路,1,40
新门菜市,新门街头,41路,1,40
新门街头,府文庙,41路,1,40
府文庙,关帝庙,41路,1,40
关帝庙,棋盘园,41路,1,40
棋盘园,温陵路中段,41路,1,40
温陵路中段,儿童医院,41路,1,40
儿童医院,青少年宫,41路,1,40
青少年宫,闽侨站,41路,1,40
闽侨站,田安路北段,41路,1,40
田安路北段,侨乡体育馆,41路,1,40
侨乡体育馆,泉州体校,41路,1,40
,,,,
清濛狮子山公交首末站,崇惠街口,K301路,1,30
崇惠街口,九牧王站,K301路,1,30
九牧王站,清濛,K301路,1,30
清濛,金浦供水公司,K301路,1,30
金浦供水公司,展览城,K301路,1,30
展览城,宝洲街西段,K301路,1,30
宝洲街西段,浦西村口,K301路,1,30
浦西村口,宝洲街中段,K301路,1,30
宝洲街中段,丰泽交警大队,K301路,1,30
丰泽交警大队,刺桐南路中段,K301路,1,30
刺桐南路中段,客运中心站南门,K301路,1,30
客运中心站南门,金帝花园,K301路,1,30
金帝花园,董埭路口,K301路,1,30
董埭路口,泉州中级法院,K301路,1,30
泉州中级法院,法石老人活动中心,K301路,1,30
法石老人活动中心,南威大厦,K301路,1,30
南威大厦,后厝,K301路,1,30
后厝,蟳埔路口,K301路,1,30
蟳埔路口,蟳埔菜市,K301路,1,30
蟳埔菜市,滨海街口,K301路,1,30
滨海街口,东梅转运,K301路,1,30
东梅转运,港湾街口,K301路,1,30
港湾街口,港湾街西段,K301路,1,30
港湾街西段,港湾街中段,K301路,1,30
港湾街中段,港湾街东段,K301路,1,30
港湾街东段,市图书馆,K301路,1,30
市图书馆,滨海街东段,K301路,1,30
滨海街东段,海星小区,K301路,1,30
海星小区,海星小区首末站,K301路,1,30
,,,,
,,,,
,,,,
宝洲街西段,泉州大桥东(宝海庵),泉州大桥,1,20
泉州大桥东(宝海庵),泉州大桥西(轻扬体育馆),泉州大桥,1,20
泉州大桥西(轻扬体育馆),华洲家装市场,泉州大桥,1,20
,,,,
土地后,顺济新桥东(金山公园),顺济新桥,1,20
顺济新桥东(金山公园),顺济新桥西(桥尾码头),顺济新桥,1,20
顺济新桥西(桥尾码头),朵莲寺,顺济新桥,1,20
,,,,
三千坛,笋江大桥东(婆娑三圣殿),笋江大桥,1,20
笋江大桥东(婆娑三圣殿),笋江大桥西(浮桥观音寺),笋江大桥,1,20
笋江大桥西(浮桥观音寺),浮桥站,笋江大桥,1,20
,,,,
土地后,金山桥,笋浯溪,1,20
金山桥,鲤城交警三中队人行桥,笋浯溪,1,20
鲤城交警三中队人行桥,五堡公园(笋浯溪),笋浯溪,1,20
五堡公园(笋浯溪),五宝街人行桥（泉郡溪灵宫）,笋浯溪,1,20
五宝街人行桥（泉郡溪灵宫）,泉州老干部活动中心(笋浯溪),笋浯溪,1,20
泉州老干部活动中心(笋浯溪),泉郡日月太保宫(笋浯溪),笋浯溪,1,20
泉郡日月太保宫(笋浯溪),新华桥(笋浯溪),笋浯溪,1,20
新华桥(笋浯溪),芳草园(笋浯溪),笋浯溪,1,20
芳草园(笋浯溪),康惠楼(笋浯溪),笋浯溪,1,20
康惠楼(笋浯溪),升平社区人行桥,笋浯溪,1,20
升平社区人行桥,江滨北路(笋浯溪),笋浯溪,1,20
江滨北路(笋浯溪),六角亭冬泳人行桥,笋浯溪,1,20
,,,,
升平社区人行桥,临漳水闸,笋浯溪,1,20
临漳水闸,六角亭冬泳人行桥,笋浯溪,1,20
新华桥,新华桥(笋浯溪),笋浯溪,1,20
,,,,
小岞海产品干货(桥),鸿记茶庄(桥),东南护城河,1,20
鸿记茶庄(桥),跃进社区居委会办公楼(桥),东南护城河,1,20
跃进社区居委会办公楼(桥),福建省泉州市第七中学(桥),东南护城河,1,20
福建省泉州市第七中学(桥),幸福街口(桥),东南护城河,1,20
幸福街口(桥),迎津桥,东南护城河,1,20
迎津桥,公路局大厦(桥),东南护城河,1,20
公路局大厦(桥),丰泽区多元调解中心(桥),东南护城河,1,20
丰泽区多元调解中心(桥),温陵美食街(桥),东南护城河,1,20
温陵美食街(桥),MissBlue生曰蛋糕(泉府大第店)(桥),东南护城河,1,20
MissBlue生曰蛋糕(泉府大第店)(桥),丰泽国有宿舍(桥),东南护城河,1,20
丰泽国有宿舍(桥),老厨房美食(桥),东南护城河,1,20
老厨房美食(桥),儿童医院(桥),东南护城河,1,20
,,,,
小岞海产品干货(桥),宝洲街西段,东南护城河,1,20
儿童医院,儿童医院(桥),东南护城河,1,20
小岞海产品干货(桥),泉州大桥东(宝海庵),东南护城河,1,20
