节点名称,区域属性,线路,500M内文保单位/古迹遗址/宗祠故地的个数,300M内文保单位/古迹遗址/宗祠故地的个数,800M内文保单位/古迹遗址/宗祠故地的个数
高铁龙门站,洛龙区,1路,0,0,0
永泰街伊洛路口北,洛龙区,1路,0,0,0
永泰街关林路口南,洛龙区,1路,0,0,0
永泰街关林路口北,洛龙区,1路,0,0,0
永泰街牡丹大道口南,洛龙区,1路,0,0,0
永泰街展览路口南,洛龙区,1路,0,0,0
市民之家东门,洛龙区,1路,0,0,0
市政府西门,洛龙区,1路,0,0,0
市府西街政和路口北,洛龙区,1路,0,0,0
古城路市府西街口,洛龙区,1路,3,1,3
从政坊游园,洛龙区,1路,3,3,4
聂泰路文博路口南,洛龙区,1路,3,3,4
洛阳博物馆,洛龙区,1路,3,3,5
洛阳广播电视台,洛龙区,1路,3,1,4
牡丹桥南,洛龙区,1路,3,0,3
零一四中心,西工区,1路,0,0,0
凯旋西路解放路口,西工区,1路,0,0,0
八一路凯旋西路口(临时站),西工区,1路,0,0,1
中州中路八一路口,西工区,1路,1,0,1
王城广场,西工区,1路,1,1,1
金谷园路健康东路口,西工区,1路,1,0,1
金谷园路春晴路口,西工区,1路,0,0,0
洛阳站,西工区,1路,0,0,0
玄武门大街纱厂北路口,西工区,1路,0,0,0
瀍涧大道国花路口西,西工区,1路,0,0,0
瀍涧大道王城大道口西,西工区,1路,0,0,0
瀍涧大道二乔路口东,西工区,1路,0,0,0
二乔路瀍涧大道口北,西工区,1路,0,0,0
二乔路魏紫路口南,老城区,1路,0,0,0
二乔路邙岭大道口南,老城区,1路,0,0,0
中沟,老城区,1路,0,0,0
邙岭大道周山大道口东,老城区,1路,0,0,0
周山大道邙岭大道口,老城区,1路,0,0,0
土桥村,老城区,1路,0,0,0
宋岭,老城区,1路,0,0,0
周山大道机场路口南,老城区,1路,0,0,0
飞机场候机楼,老城区,1路,0,0,0
,,,,,
洛阳站,西工区,2路,0,0,0
纱厂北路玄武门大街口,西工区,2路,0,0,0
纱厂路口北,西工区,2路,0,0,0
纱厂路口东,西工区,2路,0,0,0
纱厂东路解放路口,西工区,2路,0,0,0
纱厂东路金谷园路口,西工区,2路,0,0,1
金谷园路健康东路口,西工区,2路,1,0,1
王城广场南,西工区,2路,1,1,1
体育场路凯旋路口,西工区,2路,0,0,1
体育场路九都路口,西工区,2路,0,0,0
东下池,西工区,2路,0,0,0
九都路解放路口西,西工区,2路,0,0,0
西下池,西工区,2路,0,0,0
九都路王城大道口东,西工区,2路,0,0,0
九都路王城大道口西,西工区,2路,0,0,0
九都路涧东路口西,西工区,2路,0,0,0
九都路上阳路口西,西工区,2路,0,0,0
九都西路黄河路口西,涧西区,2路,0,0,0
九都西路珠江路口西,涧西区,2路,0,0,0
九都西路丽新路口西,涧西区,2路,0,0,0
南昌路九都西路口南,涧西区,2路,0,0,0
南昌路丽春路口,涧西区,2路,0,0,0
南昌路乐山路口北,涧西区,2路,0,0,0
南苑小区,涧西区,2路,0,0,0
南苑路南昌路口,涧西区,2路,0,0,0
创业路北口,涧西区,2路,0,0,0
创业路海棠路口,涧西区,2路,0,0,0
创业路合欢路口,涧西区,2路,0,0,0
创业路希望路口,涧西区,2路,0,0,0
芳泽路河洛路口,涧西区,2路,0,0,0
河洛路周山大道口,涧西区,2路,0,0,0
河洛路侯天路口,涧西区,2路,0,0,0
河洛路卓飞路口,涧西区,2路,0,0,0
凌波路河洛路口,涧西区,2路,0,0,0
延光路翠微路口,涧西区,2路,0,0,0
延光路孙辛辅路口东,涧西区,2路,0,0,0
孙辛辅路滨河北路口,涧西区,2路,0,0,0
滨河北路孙辛辅路口西,涧西区,2路,0,0,0
,,,,,
高铁龙门站,洛龙区,3路,0,0,0
伊洛路兴洛东街口东,洛龙区,3路,0,0,0
永泰街伊洛路口北,洛龙区,3路,0,0,0
永泰街关林路口南,洛龙区,3路,0,0,0
永泰街关林路口北,洛龙区,3路,0,0,0
永泰街牡丹大道口南,洛龙区,3路,0,0,0
永泰街展览路口南,洛龙区,3路,0,0,0
市民之家东门,洛龙区,3路,0,0,0
市政府西门,洛龙区,3路,0,0,0
市府西街政和路口北,洛龙区,3路,0,0,0
古城路市府西街口,洛龙区,3路,3,1,3
古城路厚载门街口,洛龙区,3路,3,0,4
古城路龙门大道口西,洛龙区,3路,1,1,1
古城路关圣街口,洛龙区,3路,0,0,0
古城路长夏门街口,洛龙区,3路,2,0,2
古城路新伊大街口西,洛龙区,3路,2,1,2
新区第一公交停车场,洛龙区,3路,0,0,0
宜人东路大屯街口西,洛龙区,3路,0,0,0
凤翔街太康路口北,洛龙区,3路,0,0,0
太康路新伊大街口东,洛龙区,3路,0,0,0
新伊大街古城路口南,洛龙区,3路,0,0,2
新伊大街古城路口北,洛龙区,3路,0,0,2
新伊大街乐天路口,洛龙区,3路,0,0,0
新伊大街景石路口,洛龙区,3路,1,1,1
新伊大桥南,洛龙区,3路,0,0,0
新街九都东路口,老城区,3路,7,7,13
新街中州东路口南,老城区,3路,8,3,11
瀍河桥东,瀍河回族区,3路,3,1,11
中州东路夹马营路口,瀍河回族区,3路,2,2,3
中州东路洛川街口,瀍河回族区,3路,0,0,2
启明南路熙春路口,瀍河回族区,3路,0,0,1
东花坛,瀍河回族区,3路,0,0,0
,,,,,
王城广场,西工区,4路,1,1,1
王城广场东,西工区,4路,1,1,2
中州中路嘉豫门大街口,西工区,4路,1,0,10
中州中路定鼎大道口,老城区,4路,8,3,9
西关,老城区,4路,4,4,4
老集,老城区,4路,4,0,6
青年宫,老城区,4路,5,3,14
中州东路民主街口,老城区,4路,7,0,9
瀍河桥东,瀍河回族区,4路,3,1,11
中州东路夹马营路口,瀍河回族区,4路,2,2,3
中州东路洛川街口,瀍河回族区,4路,0,0,2
启明南路熙春路口,瀍河回族区,4路,0,0,1
东花坛,瀍河回族区,4路,0,0,0
东花坛东,瀍河回族区,4路,0,0,0
启明东路环卫路口,瀍河回族区,4路,0,0,2
塔湾,瀍河回族区,4路,1,0,2
机车工厂西门,瀍河回族区,4路,1,0,1
机车工厂,瀍河回族区,4路,0,0,1
机车工厂东门,瀍河回族区,4路,0,0,0
启明东路机车厂东路口,瀍河回族区,4路,0,0,0
安居路启明东路口南,瀍河回族区,4路,0,0,0
中州东路安居路口,瀍河回族区,4路,0,0,0
中州东路公交停车场,瀍河回族区,4路,0,0,1
,,,,,
南苑路南昌路口,涧西区,6路,0,0,0
南苑小区,涧西区,6路,0,0,0
南昌路乐山路口北,涧西区,6路,0,0,0
南昌路九都西路口南,涧西区,6路,0,0,0
西苑公园,涧西区,6路,0,0,0
联盟路银川路口,涧西区,6路,0,0,0
太原路联盟路口,涧西区,6路,0,0,0
景华路太原路口,涧西区,6路,0,0,0
景华路皖中路口,涧西区,6路,0,0,0
天津路景华路口北,涧西区,6路,0,0,0
天津路中州西路口南,涧西区,6路,0,0,0
周山大道中州西路口,涧西区,6路,0,0,0
周山大道建设路口北,涧西区,6路,0,0,0
周山大道中鑫巷口,涧西区,6路,1,0,1
周山大道符家屯路口,涧西区,6路,0,0,0
芳华路周山大道口,涧西区,6路,0,0,0
符家屯,涧西区,6路,0,0,0
芳华路符家屯东街口,涧西区,6路,0,0,0
同乐寨西,涧西区,6路,0,0,0
芳华路嵩山路口,涧西区,6路,0,0,2
纱厂西路建福路口,西工区,6路,2,2,2
纱厂西路王城大道口东,西工区,6路,0,0,0
纱厂路口西,西工区,6路,0,0,0
纱厂路口东,西工区,6路,0,0,0
纱厂东路解放路口,西工区,6路,0,0,0
纱厂东路金谷园路口,西工区,6路,0,0,1
金谷园路春晴路口,西工区,6路,0,0,0
洛阳站,西工区,6路,0,0,0
,,,,,
东花坛,瀍河回族区,7路,0,0,0
启明南路熙春路口,瀍河回族区,7路,0,0,1
启明南路九都东路口,瀍河回族区,7路,0,0,0
九都东路桂园路口,瀍河回族区,7路,0,0,0
九都东路华林路口东,瀍河回族区,7路,0,0,0
洛邑古城,老城区,7路,9,2,3
洛八办,老城区,7路,2,2,11
九都东路饮马街口西,老城区,7路,1,1,5
定鼎立交桥东,老城区,7路,1,1,4
定鼎立交桥西,西工区,7路,1,1,2
九都路嘉豫门大街口西,西工区,7路,1,0,1
九都路七一路口西,西工区,7路,0,0,0
九都路体育场路口,西工区,7路,0,0,0
东下池,西工区,7路,0,0,0
九都路解放路口西,西工区,7路,0,0,0
西下池,西工区,7路,0,0,0
九都路王城大道口东,西工区,7路,0,0,0
九都路王城大道口西,西工区,7路,0,0,0
九都路涧东路口西,西工区,7路,0,0,0
九都路上阳路口西,西工区,7路,0,0,0
九都西路黄河路口西,涧西区,7路,0,0,0
九都西路珠江路口西,涧西区,7路,0,0,0
九都西路丽新路口西,涧西区,7路,0,0,0
南昌路九都西路口南,涧西区,7路,0,0,0
南昌路丽春路口,涧西区,7路,0,0,0
南昌路乐山路口北,涧西区,7路,0,0,0
南苑小区,涧西区,7路,0,0,0
南苑路南昌路口,涧西区,7路,0,0,0
,,,,,
西关,老城区,8路,4,4,4
中州中路定鼎大道口,老城区,8路,7,2,11
应天门,西工区,8路,6,3,7
凯旋东路定鼎大道口西,西工区,8路,5,2,8
凯旋东路嘉豫门大街口,西工区,8路,0,0,3
凯旋东路七一路口,西工区,8路,0,0,1
凯旋西路人民西路口,西工区,8路,1,1,1
凯旋西路八一路口,西工区,8路,0,0,1
凯旋西路解放路口,西工区,8路,0,0,0
凯旋西路纱厂南路口,西工区,8路,0,0,0
王城大道行署路口,西工区,8路,0,0,0
九都路王城大道口西,西工区,8路,0,0,0
九都路涧东路口西,西工区,8路,0,0,0
九都路上阳路口西,西工区,8路,0,0,0
九都西路黄河路口西,涧西区,8路,0,0,0
九都西路珠江路口西,涧西区,8路,0,0,0
九都西路丽新路口西,涧西区,8路,0,0,0
西苑公园,涧西区,8路,0,0,0
牡丹城,涧西区,8路,0,0,0
牡丹广场,涧西区,8路,0,0,0
西苑路天津路口,涧西区,8路,0,0,0
西苑路牡丹路口,涧西区,8路,0,0,0
西苑路长安路口,涧西区,8路,0,0,0
西苑路郑州路口,涧西区,8路,0,0,0
西苑路武汉路口(招呼站),涧西区,8路,0,0,0
武汉南路西苑路口南,涧西区,8路,0,0,0
武汉南路联盟路口南,涧西区,8路,0,0,0
武汉南路南华路口南,涧西区,8路,0,0,0
武汉南路蓬莱路口北,涧西区,8路,0,0,0
蓬莱路武汉南路口东,涧西区,8路,0,0,0
,,,,,
东花坛,瀍河回族区,10路,0,0,0
启明南路熙春路口,瀍河回族区,10路,0,0,1
中州东路洛川街口,瀍河回族区,10路,0,0,2
中州东路夹马营路口,瀍河回族区,10路,2,2,3
瀍河桥东,瀍河回族区,10路,3,1,11
新街中州东路口北,老城区,10路,3,1,11
新街唐宫东路口,老城区,10路,2,2,5
玄武门大街人民街口,瀍河回族区,10路,2,1,6
玄武门大街平等街口,瀍河回族区,10路,1,1,6
大北门,瀍河回族区,10路,3,1,3
玄武门大街建安街口,老城区,10路,2,1,5
玄武门大街承福门大街口,老城区,10路,2,1,5
玄武门大街零担货场东,老城区,10路,2,1,4
玄武门大街定鼎大道口东,老城区,10路,2,2,6
玄武门大街嘉豫门大街口,西工区,10路,2,2,2
玄武门大街光华路口,西工区,10路,0,0,2
玄武门大街丹城路口,西工区,10路,0,0,1
金谷园路春晴路口,西工区,10路,0,0,0
金谷园路健康东路口,西工区,10路,1,0,1
唐宫西路八一路口,西工区,10路,1,1,1
唐宫西路解放路口,西工区,10路,0,0,1
唐宫西路纱厂南路口,西工区,10路,0,0,0
唐宫西路芳林路口,西工区,10路,0,0,0
王城大道中州中路口,西工区,10路,0,0,0
王城公园,西工区,10路,0,0,0
涧东路中州中路口,西工区,10路,0,0,0
涧东路凯旋西路口,西工区,10路,0,0,0
涧东路行署路口,西工区,10路,0,0,0
丽春东路涧东路口,西工区,10路,0,0,0
上阳路丽春东路口,西工区,10路,0,0,0
上阳路丽春东路口南,西工区,10路,0,0,0
,,,,,
洛阳站,西工区,11路,0,0,0
解放路春晴路口,西工区,11路,0,0,0
解放路纱厂东路口,西工区,11路,0,0,0
解放路唐宫西路口,西工区,11路,0,0,1
解放路中州中路口,西工区,11路,0,0,1
中州中路解放路口,西工区,11路,0,0,0
王城公园,西工区,11路,0,0,0
七里河站,涧西区,11路,0,0,0
延安路珠江路口,涧西区,11路,0,0,0
景华路长春路口,涧西区,11路,0,0,0
景华路太原路口,涧西区,11路,0,0,0
景华路皖中路口,涧西区,11路,0,0,0
天津路景华路口南,涧西区,11路,0,0,0
天津路联盟路口北站,涧西区,11路,0,0,0
天津路联盟路口,涧西区,11路,0,0,0
天津路浅井西路口,涧西区,11路,0,0,0
八一礼堂,涧西区,11路,0,0,0
周山大道天津路口,涧西区,11路,0,0,0
周山大道丽春西路口,涧西区,11路,0,0,0
,,,,,
中州东路公交停车场,瀍河回族区,17路,0,0,1
中州东路机车厂路口,瀍河回族区,17路,0,0,1
中州东路三川大道口,瀍河回族区,17路,2,0,2
塔西,瀍河回族区,17路,1,1,2
中州东路启明南路口,瀍河回族区,17路,1,0,2
启明南路九都东路口,瀍河回族区,17路,0,0,0
九都东路桂园路口,瀍河回族区,17路,0,0,0
九都东路华林路口东,瀍河回族区,17路,0,0,1
洛邑古城,老城区,17路,9,1,11
洛八办,老城区,17路,2,2,14
九都东路饮马街口西,老城区,17路,2,0,7
定鼎立交桥东,老城区,17路,1,1,1
定鼎立交桥西,西工区,17路,1,1,2
嘉豫门大街九都路口,西工区,17路,1,1,2
凯旋东路嘉豫门大街口,西工区,17路,1,1,3
凯旋东路七一路口,西工区,17路,0,0,2
凯旋西路人民西路口,西工区,17路,1,0,1
凯旋西路八一路口,西工区,17路,0,0,1
凯旋西路解放路口,西工区,17路,0,0,0
凯旋西路纱厂南路口,西工区,17路,0,0,0
凯旋西路王城大道口,西工区,17路,0,0,0
凯旋西路爱民街口,西工区,17路,0,0,0
涧东路凯旋西路口,西工区,17路,0,0,0
行署路临涧路口,西工区,17路,0,0,0
凯旋桥东,西工区,17路,0,0,0
黄河路吉林路口,涧西区,17路,0,0,0
延安路珠江路口,涧西区,17路,0,0,0
景华路长春路口,涧西区,17路,0,0,0
景华路太原路口,涧西区,17路,0,0,0
景华路皖中路口,涧西区,17路,0,0,0
景华路湖南路口,涧西区,17路,0,0,0
景华路周山大道口,涧西区,17路,0,0,0
景华路陇北二路口,涧西区,17路,0,0,0
长安路景华路口南,涧西区,17路,0,0,0
西苑路长安路口,涧西区,17路,0,0,0
,,,,,
春都路东口,瀍河回族区,18路内环,0,0,3
平等街玄武门大街口,瀍河回族区,18路内环,2,1,6
玄武门大街平等街口,瀍河回族区,18路内环,2,2,8
玄武门大街人民街口,瀍河回族区,18路内环,4,0,5
新街玄武门大街口,瀍河回族区,18路内环,3,1,7
新街唐宫东路口,老城区,18路内环,2,1,8
新街中州东路口北,老城区,18路内环,2,1,11
中州东路民主街口,老城区,18路内环,8,0,13
青年宫,老城区,18路内环,5,3,14
老集,老城区,18路内环,2,0,11
西关站,老城区,18路内环,5,0,9
中州中路定鼎大道口,老城区,18路内环,7,2,13
中州中路嘉豫门大街口,西工区,18路内环,0,0,3
王城广场东,西工区,18路内环,1,0,2
中州中路八一路口,西工区,18路内环,1,1,1
中州中路解放路口,西工区,18路内环,0,0,0
纱厂南路中州中路口,西工区,18路内环,0,0,0
纱厂南路健康路口,西工区,18路内环,0,0,0
纱厂路口南,西工区,18路内环,0,0,0
纱厂路口北,西工区,18路内环,0,0,0
纱厂北路玄武门大街口,西工区,18路内环,0,0,0
春都路国花路口,老城区,18路内环,0,0,1
春都路英雄路口,老城区,18路内环,1,0,1
春都路道口巷口,老城区,18路内环,1,0,1
春都路苗南路口,老城区,18路内环,0,0,1
春都路嘉豫门大街口,老城区,18路内环,0,0,1
春都路定鼎大道口,老城区,18路内环,0,0,2
春都路烧沟西,老城区,18路内环,2,0,2
春都路烧沟村路口,老城区,18路内环,2,0,2
春都路龙光路口,老城区,18路内环,1,0,2
春都路含嘉仓街口,瀍河回族区,18路内环,2,1,4
春都路陇海街口,瀍河回族区,18路内环,1,1,4
春都路东口,瀍河回族区,18路内环,0,0,3
,,,,,
南苑路南昌路口,涧西区,20路,0,0,0
南苑小区,涧西区,20路,0,0,0
乐山路南昌路口东,涧西区,20路,0,0,0
乐山路珠江路口西,涧西区,20路,0,0,0
珠江路乐山路口,涧西区,20路,0,0,0
丽春东路珠江路口东,涧西区,20路,0,0,0
丽春东路上阳路口东,西工区,20路,0,0,0
丽春东路涧东路口,西工区,20路,0,0,0
丽春东路王城大道口西,西工区,20路,0,0,0
丽春东路王城大道口东,西工区,20路,0,0,0
西下池,西工区,20路,0,0,0
九都路解放路口西,西工区,20路,0,0,0
东下池,西工区,20路,0,0,0
九都路体育场路口,西工区,20路,0,0,0
九都路嘉豫门大街口西,西工区,20路,1,1,1
定鼎立交桥西,西工区,20路,1,1,2
定鼎立交桥东,老城区,20路,1,1,2
承福门盐店口街,老城区,20路,5,5,5
丽景门,老城区,20路,5,5,5
老集,老城区,20路,8,1,14
青年宫,老城区,20路,5,3,14
中州东路民主街口,老城区,20路,8,0,14
瀍河桥东,瀍河回族区,20路,3,1,11
中州东路夹马营路口,瀍河回族区,20路,2,2,3
中州东路洛川街口,瀍河回族区,20路,0,0,2
启明南路熙春路口,瀍河回族区,20路,0,0,1
东花坛,瀍河回族区,20路,0,0,0
,,,,,
中州东路公交停车场,瀍河回族区,23路,0,0,0
恒大绿洲北口,瀍河回族区,23路,0,0,0
恒大绿洲西门,瀍河回族区,23路,0,0,0
九都东路机车厂路口,瀍河回族区,23路,0,0,0
九都东路三川大道口,瀍河回族区,23路,0,0,0
九都东路启明南路口东,瀍河回族区,23路,0,0,0
九都东路桂园路口,瀍河回族区,23路,0,0,0
九都东路华林路口东,瀍河回族区,23路,0,0,0
洛邑古城,老城区,23路,9,0,13
洛八办,老城区,23路,2,2,11
九都东路饮马街口西,老城区,23路,1,1,5
定鼎立交桥东,老城区,23路,1,1,4
定鼎立交桥西,西工区,23路,1,1,2
九都路嘉豫门大街口西,西工区,23路,1,0,1
九都路七一路口西,西工区,23路,0,0,0
体育场路九都路口,西工区,23路,0,0,1
体育场路凯旋路口,西工区,23路,1,0,1
王城广场南,西工区,23路,1,1,1
中州中路八一路口,西工区,23路,1,0,1
中州中路解放路口,西工区,23路,0,0,0
纱厂南路中州中路口,西工区,23路,0,0,0
唐宫西路芳林路口,西工区,23路,0,0,0
王城大道汉屯路口,西工区,23路,0,0,0
健康西路王城大道口西,西工区,23路,0,0,0
健康西路纱厂西路口,西工区,23路,0,0,0
嵩山路符家屯东路口,涧西区,23路,0,0,0
嵩山路,涧西区,23路,0,0,0
嵩山路建设路口北,涧西区,23路,0,0,0
天津路建设路口,涧西区,23路,0,0,0
,,,,,
南苑路南昌路口,涧西区,30路,0,0,0
南苑小区,涧西区,30路,0,0,0
南昌路乐山路口北,涧西区,30路,0,0,0
南昌路丽春路口,涧西区,30路,0,0,0
丽春路丽新路口,涧西区,30路,0,0,0
丽新路九都西路口,涧西区,30路,0,0,0
九都西路丽新路口东,涧西区,30路,0,0,0
九都西路珠江路口东,涧西区,30路,0,0,0
九都路上阳路口西,西工区,30路,0,0,0
涧东路行署路口,西工区,30路,0,0,0
涧东路凯旋西路口,西工区,30路,0,0,0
凯旋西路爱民街口,西工区,30路,0,0,0
凯旋西路芳林路口,西工区,30路,0,0,0
纱厂南路凯旋西路口,西工区,30路,0,0,0
纱厂南路中州中路口,西工区,30路,0,0,0
唐宫西路纱厂南路口,西工区,30路,0,0,0
唐宫西路解放路口,西工区,30路,0,0,1
唐宫西路八一路口,西工区,30路,1,1,1
唐宫中路影院街口,西工区,30路,1,0,2
唐宫中路嘉豫门大街口,西工区,30路,1,0,3
唐宫中路宫隅路口,西工区,30路,4,0,9
唐宫东路定鼎大道口,老城区,30路,5,3,9
唐宫东路三通巷口,老城区,30路,3,0,11
唐宫东路承福门大街口西,老城区,30路,1,0,8
唐宫东路承福门大街口东,老城区,30路,4,0,11
唐宫东路建安街口,老城区,30路,3,0,10
北大街莲花寺街口,老城区,30路,4,3,7
北大街玄武门大街口,老城区,30路,5,2,7
平等街玄武门大街口,瀍河回族区,30路,2,1,7
平等街北口,瀍河回族区,30路,0,0,2
,,,,,
瀛洲桥南,洛龙区,34路,0,0,0
开元大道周山大道口东,洛龙区,34路,0,0,0
开元大道龙祥街口,洛龙区,34路,0,0,0
西杨屯,洛龙区,34路,0,0,0
学子街开元大道口,洛龙区,34路,0,0,0
洛阳理工学院西区,洛龙区,34路,0,0,0
学子街洛宜路口,洛龙区,34路,0,0,0
龙富小区站,洛龙区,34路,0,0,0
洛宜路学府街口,洛龙区,34路,0,0,0
学府街古城路口,洛龙区,34路,0,0,0
英才路古城路口,洛龙区,34路,0,0,0
英才路凝碧北街口,洛龙区,34路,0,0,0
英才路龙兴街口,洛龙区,34路,0,0,0
英才路积翠南街口,洛龙区,34路,1,0,1
积翠南街王城大道口西,洛龙区,34路,0,0,1
王城大桥南,洛龙区,34路,1,1,2
王城大道丽春东路口,西工区,34路,2,1,3
王城大道行署路口,西工区,34路,0,0,0
凯旋西路芳林路口,西工区,34路,0,0,0
纱厂南路凯旋西路口,西工区,34路,0,0,0
中州中路纱厂南路口,西工区,34路,0,0,0
中州中路解放路口,西工区,34路,0,0,0
中州中路八一路口,西工区,34路,1,0,1
王城广场东,西工区,34路,1,1,2
嘉豫门大街中州中路口,西工区,34路,2,1,4
唐宫中路宫隅路口,西工区,34路,4,0,9
唐宫东路定鼎大道口,老城区,34路,5,3,9
唐宫东路三通巷口,老城区,34路,3,0,6
唐宫东路承福门大街口西,老城区,34路,2,1,7
唐宫东路承福门大街口东,老城区,34路,4,0,11
唐宫东路建安街口,老城区,34路,3,0,10
唐宫东路北大街口,老城区,34路,3,0,8
唐宫东路人民街口,老城区,34路,2,1,9
民族路新街口,瀍河回族区,34路,2,2,7
民族路团结街口,瀍河回族区,34路,0,0,6
夹马营路中州东路口,瀍河回族区,34路,2,2,2
中州东路洛川街口,瀍河回族区,34路,0,0,2
启明南路熙春路口,瀍河回族区,34路,0,0,1
东花坛,瀍河回族区,34路,0,0,0
东花坛东,瀍河回族区,34路,0,0,0
启明东路环卫路口,瀍河回族区,34路,0,0,0
塔湾,瀍河回族区,34路,0,0,0
机车工厂西门,瀍河回族区,34路,0,0,0
机车工厂,瀍河回族区,34路,0,0,0
机车工厂东门,瀍河回族区,34路,0,0,0
启明东路机车厂东路口,瀍河回族区,34路,0,0,0
安居路启明东路口南,瀍河回族区,34路,0,0,0
中州东路安居路口,瀍河回族区,34路,0,0,0
中州东路公交停车场,瀍河回族区,34路,0,0,0
,,,,,
瀍涧大道陇海街口西,瀍河回族区,48路,0,0,1
瀍涧大道驾鸡沟西,老城区,48路,1,0,1
龙光路瀍涧大道口,老城区,48路,0,0,1
春都路龙光路口,老城区,48路,1,0,1
春都路含嘉仓街口,瀍河回族区,48路,2,1,4
春都路陇海街口,瀍河回族区,48路,1,1,4
春都路东口,瀍河回族区,48路,0,0,3
平等街玄武门大街口,瀍河回族区,48路,0,0,3
大北门,瀍河回族区,48路,2,1,6
玄武门大街建安街口,瀍河回族区,48路,4,2,5
承福门大街北口,老城区,48路,2,1,8
九龙鼎北,老城区,48路,6,1,9
西关站,老城区,48路,5,0,8
中州中路定鼎大道口,老城区,48路,8,3,9
中州中路嘉豫门大街口,西工区,48路,1,0,10
王城广场东,西工区,48路,1,1,2
王城广场,西工区,48路,1,1,1
金谷园路健康东路口,西工区,48路,1,0,1
金谷园路春晴路口,西工区,48路,0,0,0
洛阳站,西工区,48路,0,0,0
,,,,,
西关站,老城区,49路,5,0,9
中州中路定鼎大道口,老城区,49路,8,3,9
中州中路嘉豫门大街口,西工区,49路,1,0,10
嘉豫门大街凯旋东路口北,西工区,49路,2,1,5
凯旋东路嘉豫门大街口,西工区,49路,1,1,3
凯旋东路七一路口,西工区,49路,0,0,2
体育场路凯旋路口,西工区,49路,0,0,2
体育场路九都路口,西工区,49路,0,0,0
东下池,西工区,49路,0,0,0
牡丹桥南,洛龙区,49路,1,0,3
隋唐城路文博路口北,洛龙区,49路,4,3,4
聂湾南,洛龙区,49路,5,3,5
隋唐城遗址植物园西门,洛龙区,49路,1,1,2
王城大道美茵街口,洛龙区,49路,1,1,2
金城寨街古城路口南,洛龙区,49路,1,1,2
金城寨街太康路口北,洛龙区,49路,0,0,1
通济街太康路口,洛龙区,49路,0,0,0
通济街开元大道口北,洛龙区,49路,0,0,0
通济街开元大道口南,洛龙区,49路,0,0,0
通济街牡丹大道口北,洛龙区,49路,0,0,0
通济街翠云路口北,洛龙区,49路,0,0,0
翠云路通济街口东,洛龙区,49路,0,0,0
翠云路永泰街口西,洛龙区,49路,0,0,0
翠云路兴洛西街口东,洛龙区,49路,0,0,0
翠云路长兴街口东,洛龙区,49路,0,0,0
厚载门街翠云路口南,洛龙区,49路,0,0,0
厚载门街关林路口南,洛龙区,49路,0,0,0
厚载门街伊洛路口北,洛龙区,49路,0,0,0
伊洛路厚载门街口西,洛龙区,49路,0,0,0
高铁龙门站,洛龙区,49路,0,0,0
,,,,,
平等街北口,瀍河回族区,53路,0,0,2
平等街玄武门大街口,瀍河回族区,53路,2,1,6
北大街玄武门大街口,瀍河回族区,53路,5,2,7
北大街莲花寺街口,瀍河回族区,53路,4,3,7
北大街中州东路口,老城区,53路,4,1,12
老集,老城区,53路,4,0,6
西关站,老城区,53路,5,0,9
应天门,老城区,53路,6,3,7
定鼎立交桥北,老城区,53路,5,2,7
中国国花园,洛龙区,53路,0,0,0
龙门大道滨河南路口,洛龙区,53路,0,0,0
龙门大道学院路口,洛龙区,53路,0,0,0
龙门大道安石路口,洛龙区,53路,0,0,1
龙门大道乐天路口,洛龙区,53路,1,1,1
赵村,洛龙区,53路,1,0,2
龙门大道古城路口,洛龙区,53路,0,0,1
龙门大道太康路口,洛龙区,53路,0,0,0
龙门大道开元大道口,洛龙区,53路,0,0,0
关林市场,洛龙区,53路,0,0,0
龙门大道关林路口,洛龙区,53路,0,0,0
龙门大道伊洛路口,洛龙区,53路,0,0,0
龙门大道通衢路口,洛龙区,53路,0,0,0
龙门大道广阜路口,洛龙区,53路,0,0,0
龙门大道南山大道口,洛龙区,53路,0,0,0
龙门大道花园村口,洛龙区,53路,0,0,0
龙门镇,洛龙区,53路,0,0,0
龙门大道海校路口,洛龙区,53路,0,0,1
龙门石窟,洛龙区,53路,1,0,3
,,,,,
白马寺公交停车场,瀍河回族区,56路,1,0,12
白马寺镇政府,瀍河回族区,56路,0,0,0
洛白路枣园路口西,瀍河回族区,56路,0,0,0
分金沟,瀍河回族区,56路,0,0,0
黑王,瀍河回族区,56路,0,0,0
凹杨,瀍河回族区,56路,0,0,0
扁担赵,瀍河回族区,56路,0,0,0
陈村,瀍河回族区,56路,0,0,0
张古洞,瀍河回族区,56路,0,0,0
安居路启明东路口南,瀍河回族区,56路,0,0,0
中州东路安居路口,瀍河回族区,56路,0,0,0
中州东路机车厂路口,瀍河回族区,56路,1,0,1
中州东路三川大道口,瀍河回族区,56路,2,0,2
塔西,瀍河回族区,56路,1,1,2
中州东路启明南路口,瀍河回族区,56路,1,0,1
中州东路洛川街口,瀍河回族区,56路,0,0,1
中州东路夹马营路口,瀍河回族区,56路,2,2,2
瀍河桥东,瀍河回族区,56路,4,1,12
中州东路民主街口,老城区,56路,7,0,9
青年宫,老城区,56路,5,3,14
老集,老城区,56路,4,0,6
西关站,老城区,56路,5,0,9
中州中路定鼎大道口,老城区,56路,8,3,9
中州中路嘉豫门大街口,西工区,56路,1,0,10
王城广场东,西工区,56路,1,1,2
王城广场,西工区,56路,1,1,1
金谷园路健康东路口,西工区,56路,1,0,1
金谷园路春晴路口,西工区,56路,0,0,0
洛阳站,西工区,56路,0,0,0
,,,,,
郭寨,洛龙区,65路,0,0,1
工程防护研究所,洛龙区,65路,0,0,1
张沟南,洛龙区,65路,1,0,1
张沟,洛龙区,65路,0,0,2
张沟北,洛龙区,65路,0,0,1
张沟社区,洛龙区,65路,0,0,1
王山(临时站),洛龙区,65路,1,0,1
田山,洛龙区,65路,0,0,0
伊洛路王城大道口西,洛龙区,65路,0,0,2
学府街龙和南路口,洛龙区,65路,0,0,0
关林路学府街口,洛龙区,65路,0,0,0
关林路通济街口西,洛龙区,65路,0,0,0
关林路金城寨街口西,洛龙区,65路,0,0,0
关林路永泰街口西,洛龙区,65路,0,0,0
关林路兴洛东街口西,洛龙区,65路,0,0,0
关林路厚载门街口西,洛龙区,65路,0,0,0
关林路定鼎门街口西,洛龙区,65路,0,0,0
关林路龙门大道口西,洛龙区,65路,0,0,0
龙门大道关林路口,洛龙区,65路,0,0,0
关林市场,洛龙区,65路,0,0,0
龙门大道开元大道口,洛龙区,65路,0,0,0
龙门大道太康路口,洛龙区,65路,0,0,0
龙门大道古城路口,洛龙区,65路,1,0,1
赵村,洛龙区,65路,1,0,2
龙门大道乐天路口,洛龙区,65路,1,1,2
龙门大道安石路口,洛龙区,65路,0,0,1
龙门大道学院路口,洛龙区,65路,1,1,1
龙门大道滨河南路口,洛龙区,65路,1,1,1
中国国花园,洛龙区,65路,0,0,0
定鼎立交桥北,老城区,65路,5,2,7
中州中路定鼎大道口,老城区,65路,8,3,9
西关,老城区,65路,4,4,4
,,,,,
西关,老城区,74路,4,4,4
老集,老城区,74路,4,0,6
青年宫,老城区,74路,5,3,14
中州东路民主街口,老城区,74路,8,0,14
新街中州东路口南,老城区,74路,8,3,11
新街九都东路口,瀍河回族区,74路,7,7,13
新伊大桥南,洛龙区,74路,0,0,0
新伊大街景石路口,洛龙区,74路,1,1,1
新伊大街乐天路口,洛龙区,74路,0,0,0
新伊大街古城路口南,洛龙区,74路,0,0,2
新伊大街政和路口北,洛龙区,74路,0,0,0
开元大桥西,洛龙区,74路,0,0,0
南王,洛龙区,74路,0,0,0
开元大道三川大道口,洛龙区,74路,0,0,0
伊河大桥西,洛龙区,74路,0,0,0
伊滨路谭翟街口,洛龙区,74路,0,0,0
安澜街新源路口南,洛龙区,74路,0,0,0
安澜街枫叶路口南,洛龙区,74路,0,0,0
安澜街康庄路口南,洛龙区,74路,0,0,0
安澜街兰台路口,洛龙区,74路,0,0,0
安澜街科技大道口(招呼站),洛龙区,74路,0,0,0
安澜街梁村路口,洛龙区,74路,0,0,0
司马光路安澜街口,洛龙区,74路,0,0,0
司马光路诸葛大街口,洛龙区,74路,0,0,0
司马光路道湛街口,洛龙区,74路,0,0,0
司马光路孔明街口,洛龙区,74路,0,0,0
司马光路惠民巷口,洛龙区,74路,0,0,0
刘井巷司马光路口,洛龙区,74路,0,0,0
刘井社区,洛龙区,74路,0,0,0
,,,,,
高铁龙门站,洛龙区,76路,0,0,0
伊洛路厚载门街口西,洛龙区,76路,0,0,0
长兴街伊洛路口北,洛龙区,76路,0,0,0
长兴街关林路口南,洛龙区,76路,0,0,0
关林路厚载门街口西,洛龙区,76路,0,0,0
关林路定鼎门街口西,洛龙区,76路,0,0,0
关林路龙门大道口西,洛龙区,76路,0,0,0
龙门大道关林路口,洛龙区,76路,0,0,0
关林市场,洛龙区,76路,0,0,0
龙门大道开元大道口,洛龙区,76路,0,0,0
龙门大道太康路口,洛龙区,76路,0,0,0
龙门大道古城路口,洛龙区,76路,0,0,1
赵村,洛龙区,76路,1,0,2
龙门大道乐天路口,洛龙区,76路,1,1,2
龙门大道安石路口,洛龙区,76路,0,0,1
龙门大道学院路口,洛龙区,76路,1,1,1
龙门大道滨河南路口,洛龙区,76路,1,1,1
中国国花园,洛龙区,76路,0,0,0
定鼎立交桥北,老城区,76路,5,2,7
应天门,老城区,76路,6,3,7
唐宫东路定鼎大道口,老城区,76路,5,3,9
唐宫东路三通巷口,老城区,76路,3,0,11
唐宫东路承福门大街口西,老城区,76路,2,1,7
唐宫东路承福门大街口东,老城区,76路,4,0,11
唐宫东路建安街口,老城区,76路,3,0,10
唐宫东路北大街口,老城区,76路,3,0,8
唐宫东路人民街口,老城区,76路,2,1,9
民族路新街口,瀍河回族区,76路,2,2,7
民族路团结街口,瀍河回族区,76路,0,0,6
夹马营路中州东路口,瀍河回族区,76路,2,2,2
中州东路洛川街口,瀍河回族区,76路,0,0,2
启明南路熙春路口,瀍河回族区,76路,0,0,1
东花坛,瀍河回族区,76路,0,0,0
东花坛东,瀍河回族区,76路,0,0,0
启明东路环卫路口,瀍河回族区,76路,0,0,2
塔湾,瀍河回族区,76路,1,0,2
机车工厂西门,瀍河回族区,76路,1,0,1
机车工厂,瀍河回族区,76路,0,0,1
机车工厂东门,瀍河回族区,76路,0,0,0
启明东路机车厂东路口,瀍河回族区,76路,0,0,0
史家街启明东路口,瀍河回族区,76路,0,0,0
史家湾社区东,瀍河回族区,76路,0,0,0
中州东路安居路口,瀍河回族区,76路,0,0,0
中州东路公交停车场,瀍河回族区,76路,0,0,1
,,,,,
西关,老城区,90路,4,4,4
老集,老城区,90路,8,1,14
青年宫,老城区,90路,5,3,14
中州东路民主街口,老城区,90路,8,0,14
瀍河桥东,瀍河回族区,90路,3,1,11
中州东路夹马营路口,瀍河回族区,90路,2,2,3
中州东路洛川街口,瀍河回族区,90路,0,0,2
启明南路九都东路口,瀍河回族区,90路,0,0,0
九都东路启明南路口东,瀍河回族区,90路,0,0,0
李城大桥南,洛龙区,90路,0,0,0
桃园村,洛龙区,90路,0,0,0
向阳村,洛龙区,90路,0,0,0
三官庙村西,洛龙区,90路,1,1,1
三官庙村东,洛龙区,90路,1,1,1
太平村西,洛龙区,90路,0,0,1
太平村东,洛龙区,90路,1,0,1
潘寨村西,洛龙区,90路,1,0,1
潘寨村,洛龙区,90路,0,0,0
潘寨村东,洛龙区,90路,0,0,0
潘寨佃庄交界口,洛龙区,90路,0,0,0
酒务村南,洛龙区,90路,0,0,0
酒务村,洛龙区,90路,0,0,0
酒务村东,洛龙区,90路,0,0,0
酒务寨,洛龙区,90路,0,0,0
牛王庙西,洛龙区,90路,0,0,0
牛王庙东,洛龙区,90路,0,0,0
碑楼,洛龙区,90路,0,0,0
河佃村口,洛龙区,90路,0,0,0
罗圪垱,洛龙区,90路,0,0,0
西大郊,洛龙区,90路,0,0,0
东大郊,洛龙区,90路,1,0,2
,,,,,
西关,老城区,101路,4,4,4
中州中路定鼎大道口,老城区,101路,8,3,9
中州中路嘉豫门大街口,西工区,101路,1,0,10
王城广场东,西工区,101路,1,1,2
中州中路八一路口,西工区,101路,1,0,1
中州中路解放路口,西工区,101路,0,0,0
中州中路王城大道口,西工区,101路,0,0,0
王城公园,西工区,101路,0,0,0
七里河站,西工区,101路,0,0,0
中州西路长春路口,涧西区,101路,0,0,0
中州西路太原路口,涧西区,101路,0,0,0
中州西路天津路口,涧西区,101路,1,0,1
中州西路周山大道口,涧西区,101路,1,1,1
中州西路长安路口,涧西区,101路,0,0,0
中州西路武汉路口,涧西区,101路,0,0,0
中州西路重庆路口,涧西区,101路,0,0,0
谷水东,涧西区,101路,0,0,0
谷水西,涧西区,101路,0,0,0
,,,,,
洛阳站,西工区,206路,0,0,0
纱厂北路玄武门大街口,西工区,206路,0,0,0
纱厂路口北,西工区,206路,0,0,0
纱厂路口东,西工区,206路,0,0,0
纱厂东路解放路口,西工区,206路,0,0,0
纱厂东路金谷园路口,西工区,206路,0,0,1
金谷园路健康东路口,西工区,206路,1,0,1
王城广场,西工区,206路,1,1,1
凯旋东路人民东路口,西工区,206路,1,0,2
凯旋东路七一路口,西工区,206路,0,0,2
嘉豫门大街凯旋东路口,西工区,206路,2,1,3
嘉豫门大街九都路口,西工区,206路,1,1,2
定鼎立交桥西,西工区,206路,0,0,1
定鼎立交桥东,老城区,206路,1,1,2
九都东路饮马街口西,老城区,206路,1,1,5
洛八办,老城区,206路,2,2,11
洛邑古城,老城区,206路,9,0,13
新伊大桥南,洛龙区,206路,0,0,0
新伊大街景石路口,洛龙区,206路,1,1,1
新伊大街乐天路口,洛龙区,206路,0,0,0
新伊大街古城路口南,洛龙区,206路,0,0,2
太康路新伊大街口东,洛龙区,206路,0,0,0
凤翔街太康路口北,洛龙区,206路,0,0,0
新区第一公交停车场,洛龙区,206路,0,0,0
,,,,,
洛阳汽车站,西工区,302路,0,0,0
玄武门大街东道口,西工区,302路,2,1,3
大北门,瀍河回族区,302路,3,1,3
平等街玄武门大街口,瀍河回族区,302路,2,1,6
北盟路瀍涧大道口南,瀍河回族区,302路,0,0,2
老310国道口,瀍河回族区,302路,0,0,0
吕祖庙,老城区,302路,1,1,1
井沟站,老城区,302路,0,0,0
徐村站,老城区,302路,0,0,0
向阳南站,老城区,302路,0,0,0
向阳站,孟津区,302路,1,0,1
朝阳南站,孟津区,302路,1,0,1
朝阳,孟津区,302路,0,0,0
朝阳北,孟津区,302路,0,0,0
煤窑新村,孟津区,302路,0,0,0
大姚凹,孟津区,302路,0,0,0
伯乐新村,孟津区,302路,0,0,0
伯乐桥站,孟津区,302路,0,0,0
师庄社区,孟津区,302路,0,0,0
朝阳大道咸宁路口,孟津区,302路,0,0,0
朝阳大道文博中心,孟津区,302路,0,0,0
丁字口西,孟津区,302路,0,0,0
桂花大道会盟大道口,孟津区,302路,0,0,0
桂花大道永平路口,孟津区,302路,0,0,0
桂花大道中兴路口,孟津区,302路,0,0,0
第二汽车站,孟津区,302路,0,0,0
区委区政府,孟津区,302路,0,0,0
孟津汽车站,孟津区,302路,0,0,0
,,,,,
洛阳汽车站,西工区,505路北线,0,0,0
玄武门大街东道口,西工区,505路北线,2,1,3
应天门,西工区,505路北线,6,3,7
龙门大道安石路口,洛龙区,505路北线,0,0,1
龙门大道开元大道口,洛龙区,505路北线,0,0,0
关林市场,洛龙区,505路北线,0,0,0
龙门大道关林路口,洛龙区,505路北线,0,0,0
科技大道提驾庄街口,洛龙区,505路北线,0,0,0
洛阳职业技术学院南门,洛龙区,505路北线,0,0,0
烟岭广场,洛龙区,505路北线,0,0,0
水泉村,孟津区,505路北线,0,0,0
拉马店,伊川县,505路北线,0,0,0
孙瑶,伊川县,505路北线,0,0,0
吕店,伊川县,505路北线,0,0,0
江左,伊川县,505路北线,0,0,0
五里头,伊川县,505路北线,0,0,0
,,,,,
洛阳汽车站,西工区,805路,0,0,0
玄武门大街东道口,西工区,805路,2,1,3
道南路零担货场,老城区,805路,2,2,6
道南路零担货场东,老城区,805路,1,1,1
环城北路环城西路口,老城区,805路,2,1,5
大北门,瀍河回族区,805路,3,1,3
环城北路平等街口,瀍河回族区,805路,2,2,7
小北门,瀍河回族区,805路,3,0,5
东花坛西,瀍河回族区,805路,0,0,0
东花坛北,瀍河回族区,805路,0,0,0
白马寺路310国道口,瀍河回族区,805路,0,0,1
三川大道洛白路口,瀍河回族区,805路,0,0,0
东明小区,瀍河回族区,805路,0,0,0
十里铺,瀍河回族区,805路,0,0,0
大杨树,洛龙区,805路,0,0,0
吕庙村,瀍河回族区,805路,0,0,0
大里王,孟津区,805路,0,0,0
跃店,孟津区,805路,0,0,0
妯娌村,孟津区,805路,0,0,0
上古,孟津区,805路,0,0,0
刘坡,孟津区,805路,0,0,0
赵坡,偃师区,805路,0,0,0
丁门口,偃师区,805路,0,0,0
西蔡庄,偃师区,805路,0,0,0
光上路,偃师区,805路,0,0,0
东蔡庄,偃师区,805路,0,0,0
黄杨球种植基地南,偃师区,805路,0,0,0
省庄,偃师区,805路,0,0,0
杨庄,偃师区,805路,0,0,0
扣马口,孟津区,805路,0,0,0
牛庄,孟津区,805路,0,0,0
,,,,,
西关,老城区,V7路,4,4,4
中州路中路定鼎大道口,老城区,V7路,7,2,9
定鼎大桥南,老城区,V7路,6,2,9
定鼎大桥北,老城区,V7路,0,0,0
定鼎大道烧沟路口,老城区,V7路,0,0,0
史家沟社区,老城区,V7路,0,0,0
下清宫,老城区,V7路,1,1,1
岳村社区,老城区,V7路,1,1,1
状元红路龙光路口,老城区,V7路,0,0,1
警安花园,老城区,V7路,0,0,1
,,,,,
中州东路公交停车场,瀍河回族区,V8路,0,0,0
恒大绿洲北口,瀍河回族区,V8路,0,0,0
恒大绿洲西门,瀍河回族区,V8路,0,0,0
九都东路机车厂路口,瀍河回族区,V8路,0,0,0
九都东路三川大道口,瀍河回族区,V8路,0,0,0
九都东路启明南路口东,瀍河回族区,V8路,0,0,0
九都东路桂园路口,瀍河回族区,V8路,0,0,0
九都东路华林路口东,瀍河回族区,V8路,0,0,0
新街九都东路口,瀍河回族区,V8路,7,7,13
新街中州东路口南,瀍河回族区,V8路,8,3,11
中州东路民主街口,瀍河回族区,V8路,8,0,14
青年宫,瀍河回族区,V8路,5,3,14
北大街中州东路口(临时站),瀍河回族区,V8路,6,1,13
北大街莲花寺街口,瀍河回族区,V8路,4,3,7
北大街玄武门大街口,瀍河回族区,V8路,5,2,7
平等街玄武门大街口,瀍河回族区,V8路,2,1,6
春都路陇海街口,瀍河回族区,V8路,1,1,4
春都路含嘉仓街口,老城区,V8路,2,1,4
春都路龙光路口,老城区,V8路,1,0,2
建华路春都路口,老城区,V8路,0,0,0
瀍涧大道龙光路口,老城区,V8路,0,0,0
瀍涧大道驾鸡沟西,瀍河回族区,V8路,0,0,0
瀍涧大道驾鸡沟东,瀍河回族区,V8路,0,0,0
瀍涧大道陇海街口西,瀍河回族区,V8路,0,0,0
,,,,,
东花坛,瀍河回族区,V18路,0,0,0
启明南路熙春路口,瀍河回族区,V18路,0,0,1
启明南路九都东路口,瀍河回族区,V18路,0,0,0
启明南路下园东路口北,瀍河回族区,V18路,0,0,0
下园东路滨河北路口西,瀍河回族区,V18路,0,0,0
滨河北路启明南路口东,瀍河回族区,V18路,0,0,0
瀍河区行政服务中心,瀍河回族区,V18路,0,0,0
下园东路启明南路口,瀍河回族区,V18路,0,0,0
下园东路桂园路口西,瀍河回族区,V18路,0,0,0
下园东路夹马营路口,瀍河回族区,V18路,0,0,0
夹马营路九都东路口南,瀍河回族区,V18路,0,0,0
夹马营路下园路口,瀍河回族区,V18路,2,0,2
中州东路夹马营路口,瀍河回族区,V18路,2,2,2
瀍河桥东,瀍河回族区,V18路,3,1,11
新街中州东路口北,瀍河回族区,V18路,3,1,11
新街唐宫东路口,瀍河回族区,V18路,2,2,5
新街玄武门大街口,瀍河回族区,V18路,3,1,7
洛阳东站,瀍河回族区,V18路,1,1,4
三井洞桥西,瀍河回族区,V18路,2,2,4
北窑,瀍河回族区,V18路,1,1,4
利民东街,瀍河回族区,V18路,0,0,2
利民街邻里中心,瀍河回族区,V18路,0,0,1
,,,,,
洛阳锦远汽车站,西工区,洛阳-郸城,0,0,0
解放路纱厂北路口,西工区,洛阳-郸城,0,0,0
纱厂路道南路口,西工区,洛阳-郸城,0,0,0
纱厂路口北,西工区,洛阳-郸城,0,0,0
纱厂路口东,西工区,洛阳-郸城,0,0,0
纱厂路解放路口,西工区,洛阳-郸城,0,0,0
纱厂路金谷园路口,西工区,洛阳-郸城,0,0,1
金谷园路春晴路口,西工区,洛阳-郸城,0,0,0
道南路零担货场,老城区,洛阳-郸城,2,2,6
道南路零担货场东,老城区,洛阳-郸城,1,1,1
环城北路环城西路口,老城区,洛阳-郸城,2,1,5
环城北路建安街口,瀍河回族区,洛阳-郸城,3,1,6
大北门,瀍河回族区,洛阳-郸城,2,1,6
环城北路平等街口,瀍河回族区,洛阳-郸城,2,2,7
小北门,瀍河回族区,洛阳-郸城,3,0,5
新街环城北路口,瀍河回族区,洛阳-郸城,3,1,6
民族路新街口,瀍河回族区,洛阳-郸城,2,2,7
民族路团结街口,瀍河回族区,洛阳-郸城,0,0,6
夹马营路中州路口北,瀍河回族区,洛阳-郸城,2,1,2
中州东路夹马营路口东,瀍河回族区,洛阳-郸城,0,0,2
中州东路洛川街口,瀍河回族区,洛阳-郸城,0,0,0
洛阳客运东站,瀍河回族区,洛阳-郸城,0,0,0
史家湾,瀍河回族区,洛阳-郸城,0,0,0
城角村,洛龙区,洛阳-郸城,0,0,0
韩村,周口郸城县,洛阳-郸城,0,0,0
郭店,周口郸城县,洛阳-郸城,0,0,0
李堂,周口郸城县,洛阳-郸城,0,0,0
小白楼,周口郸城县,洛阳-郸城,3,1,4
刘老家,周口郸城县,洛阳-郸城,0,0,0
家家乐购物广场,周口郸城县,洛阳-郸城,0,0,0
中国人寿,周口郸城县,洛阳-郸城,1,1,1
郸城县中心站,周口郸城县,洛阳-郸城,1,1,1
光明京师幼儿园,周口郸城县,洛阳-郸城,1,1,1
中棉酒店,周口郸城县,洛阳-郸城,0,0,0
府后街路口,周口郸城县,洛阳-郸城,0,0,0
悦来酒店,周口郸城县,洛阳-郸城,0,0,0
锦绣天下城,周口郸城县,洛阳-郸城,0,0,0
财政局,周口郸城县,洛阳-郸城,0,0,0
检察院,周口郸城县,洛阳-郸城,0,0,0
司法局,周口郸城县,洛阳-郸城,0,0,0
文化路口,周口郸城县,洛阳-郸城,0,0,0
新汽车站,周口郸城县,洛阳-郸城,0,0,0
小广场,周口郸城县,洛阳-郸城,0,0,0
郸城飞龙汽车站,周口郸城县,洛阳-郸城,0,0,0
,,,,,
洛阳汽车站,西工区,洛阳-社旗,0,0,0
玄武门大街丹城路口,西工区,洛阳-社旗,0,0,1
道南路东道口,西工区,洛阳-社旗,2,1,2
道南路零担货场,老城区,洛阳-社旗,2,2,6
道南路零担货场东,老城区,洛阳-社旗,1,1,1
环城北路环城西路口,老城区,洛阳-社旗,2,1,5
环城北路建安街口,瀍河回族区,洛阳-社旗,3,1,6
大北门,瀍河回族区,洛阳-社旗,3,1,3
环城北路平等街口,瀍河回族区,洛阳-社旗,2,2,7
小北门,瀍河回族区,洛阳-社旗,3,0,5
民族路新街口,瀍河回族区,洛阳-社旗,2,2,7
民族路团结街口,瀍河回族区,洛阳-社旗,0,0,6
夹马营路中州东路口,瀍河回族区,洛阳-社旗,2,2,2
中州东路夹马营路口,瀍河回族区,洛阳-社旗,2,2,3
中州东路洛川路口,瀍河回族区,洛阳-社旗,0,0,2
中州东路启明南路口,瀍河回族区,洛阳-社旗,0,0,1
塔西,瀍河回族区,洛阳-社旗,1,1,1
十里铺,瀍河回族区,洛阳-社旗,0,0,0
旧县,洛阳嵩县,洛阳-社旗,0,0,0
宋庄,洛阳嵩县,洛阳-社旗,0,0,0
段寨,南阳社旗县,洛阳-社旗,0,0,0
唐庄,南阳社旗县,洛阳-社旗,0,0,0
小乔庄,南阳社旗县,洛阳-社旗,0,0,0
宇博花园,南阳社旗县,洛阳-社旗,0,0,0
一高,南阳社旗县,洛阳-社旗,0,0,0
华府中央新城,南阳社旗县,洛阳-社旗,0,0,0
红旗路口,南阳社旗县,洛阳-社旗,0,0,0
国土局,南阳社旗县,洛阳-社旗,0,0,0
妇幼保健院,南阳社旗县,洛阳-社旗,0,0,0
农商行站,南阳社旗县,洛阳-社旗,0,0,0
滨河路口,南阳社旗县,洛阳-社旗,0,0,0
建设路长江路口,南阳社旗县,洛阳-社旗,0,0,0
社旗汽车站,南阳社旗县,洛阳-社旗,0,0,0
,,,,,
唐河汽车站,南阳唐河县,唐河-洛阳,0,0,0
新车站,南阳唐河县,唐河-洛阳,0,0,0
滨河派出所,南阳唐河县,唐河-洛阳,0,0,0
滨河街道办事处,南阳唐河县,唐河-洛阳,0,0,0
友兰大桥东,南阳唐河县,唐河-洛阳,0,0,0
计划生育指导站,南阳唐河县,唐河-洛阳,0,0,0
新中医院西,南阳唐河县,唐河-洛阳,0,0,0
石头坑,南阳唐河县,唐河-洛阳,0,0,0
县安检线,南阳唐河县,唐河-洛阳,0,0,0
西岗备战库,南阳唐河县,唐河-洛阳,0,0,0
唐方口,南阳唐河县,唐河-洛阳,0,0,0
大河物流园东门,南阳唐河县,唐河-洛阳,0,0,0
王岗村,南阳方城县,唐河-洛阳,0,0,0
后党坡,南阳唐河县,唐河-洛阳,0,0,0
李店镇政府,南阳社旗县,唐河-洛阳,0,0,0
青台中心卫生院,南阳社旗县,唐河-洛阳,0,0,0
冢坡村,南阳社旗县,唐河-洛阳,0,0,0
县公路局站,南阳社旗县,唐河-洛阳,0,0,0
双庄村站,南阳社旗县,唐河-洛阳,0,0,0
宏达路口站,南阳社旗县,唐河-洛阳,0,0,0
环岛北站,南阳社旗县,唐河-洛阳,0,0,0
社旗县人民医院,南阳社旗县,唐河-洛阳,0,0,0
安澜大桥西站,南阳社旗县,唐河-洛阳,0,0,0
人力资源和社会服务中心站,南阳社旗县,唐河-洛阳,0,0,0
交通驾校,南阳社旗县,唐河-洛阳,0,0,0
方城汽车站,南阳方城县,唐河-洛阳,0,0,0
润豪世纪广场,南阳方城县,唐河-洛阳,0,0,0
国税局站,南阳方城县,唐河-洛阳,0,0,0
实验小学,南阳方城县,唐河-洛阳,0,0,0
东方新城,南阳方城县,唐河-洛阳,0,0,0
大唐一品,南阳方城县,唐河-洛阳,0,0,0
官庄,孟津区,唐河-洛阳,0,0,0
高速路口站,孟津区,唐河-洛阳,0,0,0
龙门高速口,洛龙区,唐河-洛阳,0,0,0
开元大道李城路口西,洛龙区,唐河-洛阳,0,0,0
南王,洛龙区,唐河-洛阳,0,0,0
开元大道新伊大街口,洛龙区,唐河-洛阳,0,0,0
潘村,洛龙区,唐河-洛阳,0,0,0
忠义街开元大道口北,洛龙区,唐河-洛阳,0,0,0
忠义街太康路口南,洛龙区,唐河-洛阳,0,0,0
太康路关圣街口,洛龙区,唐河-洛阳,0,0,0
太康路二郎庙街口东,洛龙区,唐河-洛阳,0,0,0
龙门大道太康路口,洛龙区,唐河-洛阳,0,0,0
洛阳国际学校,洛龙区,唐河-洛阳,1,0,1
赵村,洛龙区,唐河-洛阳,1,0,2
龙门大道乐天路口,洛龙区,唐河-洛阳,1,1,2
龙门大道安石路口,洛龙区,唐河-洛阳,0,0,1
龙门大道学院路口,洛龙区,唐河-洛阳,1,1,1
龙门大道隋唐城路口,洛龙区,唐河-洛阳,0,0,0
定鼎立交桥北,老城区,唐河-洛阳,5,2,7
应天门,老城区,唐河-洛阳,6,3,7
定鼎大桥南,老城区,唐河-洛阳,6,2,9
道南路东道口,西工区,唐河-洛阳,2,1,2
洛阳汽车站,西工区,唐河-洛阳,0,0,0
,,,,,
颍阳汽车站,郑州登封市,江左-洛阳,0,0,0
石赵,洛阳伊川县,江左-洛阳,0,0,0
招呼站,洛阳伊川县,江左-洛阳,0,0,0
五里头,洛阳伊川县,江左-洛阳,0,0,0
人民路口,洛阳伊川县,江左-洛阳,0,0,0
东河,洛阳伊川县,江左-洛阳,0,0,0
江左镇,洛阳伊川县,江左-洛阳,0,0,0
菜市街,洛阳伊川县,江左-洛阳,0,0,0
江左镇政府,洛阳伊川县,江左-洛阳,0,0,0
农贸街口,洛阳伊川县,江左-洛阳,0,0,0
种子站,洛阳伊川县,江左-洛阳,0,0,0
石张庄,洛阳伊川县,江左-洛阳,0,0,0
丁流站,洛阳伊川县,江左-洛阳,0,0,0
范村,洛阳伊川县,江左-洛阳,0,0,0
上天院,洛阳伊川县,江左-洛阳,0,0,0
豫港电力中学,洛阳伊川县,江左-洛阳,0,0,0
水寨一中,洛阳伊川县,江左-洛阳,0,0,0
水寨,洛阳伊川县,江左-洛阳,0,0,0
向阳花园,洛阳伊川县,江左-洛阳,0,0,0
滨河高中,洛阳伊川县,江左-洛阳,0,0,0
凯地城,洛阳伊川县,江左-洛阳,0,0,0
银张,洛阳伊川县,江左-洛阳,0,0,0
朱村,洛阳伊川县,江左-洛阳,0,0,0
德龙嘉苑,洛阳伊川县,江左-洛阳,0,0,0
北大门绿地广场,洛龙区,江左-洛阳,0,0,0
张沟,洛龙区,江左-洛阳,1,0,1
张沟北,洛龙区,江左-洛阳,0,0,0
王山,洛龙区,江左-洛阳,0,0,0
厚载门街南环路口北,洛龙区,江左-洛阳,0,0,0
通衢路口,洛龙区,江左-洛阳,0,0,0
厚载门街伊洛路口北,洛龙区,江左-洛阳,0,0,0
关林路厚载门街,洛龙区,江左-洛阳,0,0,0
定鼎门街关林路口,洛龙区,江左-洛阳,0,0,0
关林路定鼎门街口西,洛龙区,江左-洛阳,0,0,0
关林八中,洛龙区,江左-洛阳,0,0,0
关林汽车站,洛龙区,江左-洛阳,0,0,0
龙门大道开元大道口,洛龙区,江左-洛阳,0,0,0
龙门大道安石路口,洛龙区,江左-洛阳,0,0,1
龙门大道学院路口,洛龙区,江左-洛阳,0,0,0
龙门大道滨河南路口,洛龙区,江左-洛阳,0,0,0
定鼎立交桥北,老城区,江左-洛阳,5,2,7
定鼎南路中州路口,老城区,江左-洛阳,7,5,8
定鼎路唐宫路口,西工区,江左-洛阳,6,4,9
招呼站,西工区,江左-洛阳,6,3,10
唐宫中路宫隅路口,西工区,江左-洛阳,4,0,8
唐宫中路玻璃厂路口,西工区,江左-洛阳,1,1,2
唐宫中路影院街口,西工区,江左-洛阳,1,0,2
金谷园路唐宫路口,西工区,江左-洛阳,1,1,1
金谷园路春晴路口南(招呼站),西工区,江左-洛阳,0,0,0
金谷园路春晴路口,西工区,江左-洛阳,0,0,0
洛阳汽车站,西工区,江左-洛阳,0,0,0
,,,,,
朱樱湖,瀍河回族区,瀍河,0,0,0
瀍涧大道(瀍河桥),瀍河回族区,瀍河,2,0,3
三井洞桥,瀍河回族区,瀍河,3,1,4
国资委家属院西门,瀍河回族区,瀍河,3,1,4
民族桥,瀍河回族区,瀍河,2,0,6
铜驼桥,瀍河回族区,瀍河,5,0,13
广济桥,瀍河回族区,瀍河,10,1,12
洛阳民俗博物馆,瀍河回族区,瀍河,8,1,10
九都东路(瀍河桥),瀍河回族区,瀍河,3,0,10
瀍壑朱樱,老城区,瀍河,0,0,0
洛阳古瓷标本博物馆,老城区,瀍河,0,0,0
新街桥,老城区,瀍河,0,0,0
,,,,,
国资委家属院西门,老城区,护城河,3,1,4
新街唐宫东路口(护城河桥),老城区,护城河,2,2,5
人民街(护城河桥),老城区,护城河,3,1,5
北关桥,老城区,护城河,2,2,7
建安门,老城区,护城河,5,1,7
富祥石油坛角加油站,老城区,护城河,2,0,7
唐宫东路(护城河),老城区,护城河,3,0,9
西关,老城区,护城河,4,4,4
丽景门,老城区,护城河,5,4,6
盐店口街(护城河),老城区,护城河,2,0,7
长夏桥,老城区,护城河,4,2,12
洛邑古城广场,老城区,护城河,10,7,10
洛阳民俗博物馆,老城区,护城河,8,1,10
九都东路(瀍河桥),老城区,护城河,3,0,10
,,,,,
盐店口街(护城河),老城区,护城河,2,0,7
临水居,老城区,护城河,2,0,9
漫山江韵民宿,老城区,护城河,5,1,6
五贤桥,老城区,护城河,5,3,8
云鹏海天东门,老城区,护城河,5,1,7
石油公司家属院,老城区,护城河,2,1,7
凯旋东路(护城河),老城区,护城河,2,1,6
北京中医药大学东直门医院洛阳医院西工院区北院,老城区,护城河,2,1,2
