前一节点,后一节点,线路名称,票价(元),间距(公里)
西门,湖头街,1路,1,0.211
湖头街,光荣路,1路,1,0.294
光荣路,陆庄,1路,1,0.462
陆庄,高峰桥,1路,1,0.149
高峰桥,南街,1路,1,1.3
南街,道山路口,1路,1,0.391
道山路口,南门,1路,1,0.42
南门,茶亭,1路,1,0.273
茶亭,洋头口,1路,1,0.516
洋头口,省人民医院,1路,1,0.559
省人民医院,文化宫,1路,1,0.444
文化宫,达道,1路,1,0.397
达道,地铁达道站,1路,1,0.251
地铁达道站,新玉环路,1路,1,0.349
新玉环路,安平小区,1路,1,0.171
安平小区,闽江之心(台州步行街),1路,1,0.383
闽江之心(台州步行街),桥南,1路,1,1.2
桥南,埔顶,1路,1,0.331
埔顶,龙津站,1路,1,0.268
龙津站,三叉街,1路,1,0.524
三叉街,三叉街新村,1路,1,0.43
三叉街新村,则徐大道盖山路口,1路,1,0.554
则徐大道盖山路口,白湖亭,1路,1,0.394
,,,,
火车站北广场,铁道医院,2路,1,1.3
铁道医院,华林高架,2路,1,0.371
华林高架,湖塍,2路,1,0.404
湖塍,洋下新村,2路,1,0.377
洋下新村,省图书馆,2路,1,0.812
省图书馆,温泉路口,2路,1,0.219
温泉路口,闽江饭店,2路,1,0.383
闽江饭店,蒙古营,2路,1,0.691
蒙古营,龙华天桥,2路,1,0.571
龙华天桥,五一广场,2路,1,0.871
五一广场,市政务服务中心,2路,1,0.360 
市政务服务中心,茶亭公园,2路,1,0.494
茶亭公园,汇多利,2路,1,0.396
汇多利,市一医院,2路,1,0.603
市一医院,十四桥,2路,1,0.237
十四桥,闽江之心(台州步行街),2路,1,0.915
闽江之心(台州步行街),朝阳路口,2路,1,1.2
朝阳路口,朝阳路,2路,1,0.213
朝阳路,港头(朝阳路),2路,1,0.097
港头(朝阳路),中垱,2路,1,0.372
中垱,美墩桥,2路,1,0.585
美墩桥,过洲岛,2路,1,0.198
过洲岛,华威大厦(江边村),2路,1,0.858
华威大厦(江边村),东部办公区(石碑兜),2路,1,0.719
东部办公区(石碑兜),仓山浦下,2路,1,0.462
仓山浦下,龙舟河,2路,1,0.465
龙舟河,公交海峡国际会展中心西站,2路,1,0.769
,,,,
火车站南广场,茶园,K3路,1,0.337
茶园,电建二公司,K3路,1,0.363
电建二公司,华林高架,K3路,1,0.402
华林高架,湖塍,K3路,1,0.404
湖塍,洋下新村,K3路,1,0.377
洋下新村,省图书馆,K3路,1,0.812
省图书馆,温泉路口,K3路,1,0.219
温泉路口,闽江饭店,K3路,1,0.383
闽江饭店,蒙古营,K3路,1,0.691
蒙古营,龙华天桥,K3路,1,0.571
龙华天桥,于山,K3路,1,0.771
于山,乌山路口,K3路,1,0.511
乌山路口,福州市政府,K3路,1,0.460 
福州市政府,上海街道,K3路,1,1.000 
上海街道,白马河,K3路,1,0.373
白马河,宝龙城市广场,K3路,1,0.506
宝龙城市广场,祥坂路口,K3路,1,0.436
祥坂路口,福祥社区,K3路,1,0.225
福祥社区,上浦路口,K3路,1,0.600 
上浦路口,市人才储备中心,K3路,1,2.2
市人才储备中心,榕城广场,K3路,1,0.372
榕城广场,福州金山中学,K3路,1,0.317
福州金山中学,金祥路金洲路口,K3路,1,0.291
金祥路金洲路口,金洲南路金山地铁站,K3路,1,0.227
金洲南路金山地铁站,卢滨路东,K3路,1,0.540 
卢滨路东,卢滨路,K3路,1,0.574
卢滨路,金山公园北门,K3路,1,0.705
金山公园北门,花溪路口,K3路,1,0.581
花溪路口,滨州路北,K3路,1,0.703
滨州路北,金山四期,K3路,1,0.315
金山四期,滨州路南,K3路,1,0.263
滨州路南,中天社区,K3路,1,0.433
中天社区,金山金桔站,K3路,1,0.495
,,,,
九〇〇医院(原总院),西洪路,4路,1,
西洪路,福屿天桥,4路,1,
福屿天桥,黎明,4路,1,
黎明,市教院附中,4路,1,
市教院附中,菏泽,4路,1,
菏泽,宝龙城市广场,4路,1,
宝龙城市广场,浦东,4路,1,
浦东,华侨中学(红旗村),4路,1,
华侨中学(红旗村),南禅山,4路,1,
南禅山,福四中,4路,1,
福四中,师大(程埔头),4路,1,
师大(程埔头),跑马场,4路,1,
跑马场,三叉街,4路,1,
三叉街,三叉街新村,4路,1,
三叉街新村,则徐大道盖山路口,4路,1,
则徐大道盖山路口,后坂,4路,1,
后坂,地铁葫芦阵,4路,1,
地铁葫芦阵,盖山投资区,4路,1,
盖山投资区,高旺路口,4路,1,
高旺路口,丰泉环保集团,4路,1,
,,,,
火车站北广场,铁道医院,5路,1,
铁道医院,二环路斗门,5路,1,
二环路斗门,电建二公司,5路,1,
电建二公司,省老年医院,5路,1,
省老年医院,省老干局,5路,1,
省老干局,省农科院,5路,1,
省农科院,树兜,5路,1,
树兜,古三座,5路,1,
古三座,闽江饭店,5路,1,
闽江饭店,五四路口,5路,1,
五四路口,旗汛口,5路,1,
旗汛口,三坊七巷,5路,1,
三坊七巷,高峰桥,5路,1,
高峰桥,陆庄,5路,1,
陆庄,柳桥,5路,1,
柳桥,茶园山,5路,1,
茶园山,福大北门,5路,1,
福大北门,天骏小区,5路,1,
天骏小区,物构所,5路,1,
物构所,洪山桥,5路,1,
洪山桥,郭厝里,5路,1,
郭厝里,洪塘地铁站,5路,1,
,,,,
公交德仁站,市政务服务中心,6路,1,
市政务服务中心,茶亭公园,6路,1,
茶亭公园,安淡,6路,1,
安淡,打铁垱,6路,1,
打铁垱,十四桥,6路,1,
十四桥,安平小区,6路,1,
安平小区,青年广场,6路,1,
青年广场,轮工,6路,1,
轮工,苍霞嘉兴园,6路,1,
苍霞嘉兴园,上渡,6路,1,
上渡,竹揽,6路,1,
竹揽,洋洽,6路,1,
洋洽,南二环,6路,1,
南二环,半道,6路,1,
半道,港头(闽江大道),6路,1,
港头(闽江大道),尤溪洲桥头,6路,1,
尤溪洲桥头,金港路口,6路,1,
金港路口,浦上开发区协盛装饰大楼,6路,1,
浦上开发区协盛装饰大楼,浦上工业区,6路,1,
浦上工业区,浦上工业区钟楼,6路,1,
浦上工业区钟楼,杨周红江路口,6路,1,
杨周红江路口,洪湾冯宅,6路,1,
洪湾冯宅,洪湾高宅,6路,1,
洪湾高宅,金山浦上公交枢纽站,6路,1,
,,,,
福大学生广场,凤湖路西,7路,1,
凤湖路西,融侨锦江新天地,7路,1,
融侨锦江新天地,凤尾,7路,1,
凤尾,闽江学院工业路校区,7路,1,
闽江学院工业路校区,福祥社区,7路,1,
福祥社区,祥坂路口,7路,1,
祥坂路口,宝龙城市广场,7路,1,
宝龙城市广场,工业路白马路口,7路,1,
工业路白马路口,博美诗邦,7路,1,
博美诗邦,安淡,7路,1,
安淡,汽车站,7路,1,
汽车站,状元境,7路,1,
状元境,五福天桥,7路,1,
五福天桥,水部,7路,1,
水部,古田六一,7路,1,
古田六一,紫阳,7路,1,
紫阳,大名城,7路,1,
大名城,地铁五里亭站,7路,1,
地铁五里亭站,肿瘤医院,7路,1,
肿瘤医院,前屿,7路,1,
前屿,恒宇国际公园,7路,1,
恒宇国际公园,远洋,7路,1,
远洋,磨洋河,7路,1,
磨洋河,廨院小学,7路,1,
廨院小学,省革命历史纪念馆,7路,1,
省革命历史纪念馆,地铁鼓山站,7路,1,
地铁鼓山站,廨院公交总站,7路,1,
,,,,
软件园公交总站,软件园东门,8路,1,
软件园东门,省军区(马鞍),8路,1,
省军区(马鞍),省军区幼儿园,8路,1,
省军区幼儿园,铜盘,8路,1,
铜盘,天峰,8路,1,
天峰,左海公园,8路,1,
左海公园,三角井,8路,1,
三角井,屏山,8路,1,
屏山,省卫健委,8路,1,
省卫健委,鼓楼,8路,1,
鼓楼,南街,8路,1,
南街,道山路口,8路,1,
道山路口,于山,8路,1,
于山,正大广场,8路,1,
正大广场,状元境,8路,1,
状元境,汽车站,8路,1,
汽车站,南公园,8路,1,
南公园,象园头,8路,1,
象园头,象园(长乐路口),8路,1,
象园(长乐路口),连潘,8路,1,
连潘,光明桥,8路,1,
光明桥,龙福机电交易市场,8路,1,
龙福机电交易市场,三高路东,8路,1,
三高路东,种福寺,8路,1,
种福寺,三叉街,8路,1,
三叉街,三叉新村,8路,1,
三叉新村,则徐大道盖山路口,8路,1,
则徐大道盖山路口,白湖亭,8路,1,
,,,,
新厦二区社区,幸福城小区,9路,1,
幸福城小区,新店,9路,1,
新店,浮村,9路,1,
浮村,湖前,9路,1,
湖前,魁炉头,9路,1,
魁炉头,源脉温泉,9路,1,
源脉温泉,龙腰,9路,1,
龙腰,北门,9路,1,
北门,屏东,9路,1,
屏东,树兜,9路,1,
树兜,古三座,9路,1,
古三座,闽江饭店,9路,1,
闽江饭店,八方大厦,9路,1,
八方大厦,东水路口,9路,1,
东水路口,东门,9路,1,
东门,省彩印厂,9路,1,
省彩印厂,长乐北路口,9路,1,
长乐北路口,乐西(东),9路,1,
乐西(东),讲堂前,9路,1,
讲堂前,世欧广场,9路,1,
世欧广场,象园街道,9路,1,
象园街道,连潘,9路,1,
连潘,福州电视中心,9路,1,
福州电视中心,融侨东区,9路,1,
融侨东区,三木小区,9路,1,
三木小区,三木都市田园,9路,1,
三木都市田园,流星东景小区,9路,1,
流星东景小区,前屿东路,9路,1,
前屿东路,招贤路,9路,1,
,,,,
火车站北广场,铁道医院,10路,1,
铁道医院,二环路斗门,10路,1,
二环路斗门,电建二公司,10路,1,
电建二公司,省老年医院,10路,1,
省老年医院,证照中心,10路,1,
证照中心,屏山公园,10路,1,
屏山公园,长冠城,10路,1,
长冠城,屏西,10路,1,
屏西,铜盘路,10路,1,
铜盘路,省高院,10路,1,
省高院,梅峰支路,10路,1,
梅峰支路,梅峰路,10路,1,
梅峰路,茶园山,10路,1,
茶园山,柳桥,10路,1,
柳桥,福屿天桥,10路,1,
福屿天桥,黎明,10路,1,
黎明,市教院附中,10路,1,
市教院附中,菏泽,10路,1,
菏泽,宝龙城市广场,10路,1,
宝龙城市广场,工业路白马路口,10路,1,
工业路白马路口,博美诗邦,10路,1,
博美诗邦,省人民医院,10路,1,
省人民医院,文化宫,10路,1,
文化宫,中亭街,10路,1,
中亭街,台江医院,10路,1,
台江医院,闽江之心(台州步行街),10路,1,
闽江之心(台州步行街),排尾,10路,1,
排尾,亚峰,10路,1,
亚峰,排尾路长乐南路口,10路,1,
排尾路长乐南路口,亚峰农贸市场,10路,1,
亚峰农贸市场,鳌峰大桥,10路,1,
鳌峰大桥,金融街万达广场,10路,1,
金融街万达广场,鳌峰亚兴路口,10路,1,
鳌峰亚兴路口,鱼池,10路,1,
鱼池,鳌峰公园,10路,1,
鳌峰公园,公交鳌峰洲站,10路,1,
公交鳌峰洲站,鳌峰公交总站,10路,1,
,,,,
公交鹤林站,鹤林新城,11路,1,
鹤林新城,省二人民医院二化分院,11路,1,
省二人民医院二化分院,三角池,11路,1,
三角池,福州锅炉厂原址,11路,1,
福州锅炉厂原址,塔头,11路,1,
塔头,东水路口,11路,1,
东水路口,八方大厦,11路,1,
八方大厦,仙塔街,11路,1,
仙塔街,格致中学,11路,1,
格致中学,协和医院,11路,1,
协和医院,南门,11路,1,
南门,茶亭,11路,1,
茶亭,洋头口,11路,1,
洋头口,省人民医院,11路,1,
省人民医院,文化宫西门,11路,1,
文化宫西门,洋中亭,11路,1,
洋中亭,马口,11路,1,
马口,福四中,11路,1,
福四中,上渡,11路,1,
上渡,竹揽,11路,1,
竹揽,洋洽,11路,1,
洋洽,省精神卫生中心,11路,1,
省精神卫生中心,市第四医院,11路,1,
市第四医院,建新南路,11路,1,
建新南路,海峡奥体公交枢纽站,11路,1,
,,,,
公交苍霞站,苍霞新城,3路,1,
苍霞新城,青年广场,3路,1,
青年广场,中亭街,3路,1,
中亭街,达道,3路,1,
达道,地铁达道站,3路,1,
地铁达道站,闽江之心(台州步行街),3路,1,
闽江之心(台州步行街),排尾,3路,1,
排尾,亚峰,3路,1,
亚峰,排尾路长乐南路口,3路,1,
排尾路长乐南路口,亚峰农贸市场,3路,1,
亚峰农贸市场,龙福机电交易市场,3路,1,
龙福机电交易市场,高湖村,3路,1,
高湖村,盖山镇政府新村,3路,1,
盖山镇政府新村,则徐广场,3路,1,
则徐广场,后坂,3路,1,
后坂,地铁葫芦阵,3路,1,
地铁葫芦阵,葫芦阵南,3路,1,
葫芦阵南,黄山,3路,1,
黄山,福建省地质医院,3路,1,
福建省地质医院,排下,3路,1,
排下,城门三丰,3路,1,
城门三丰,大浦路西,3路,1,
大浦路西,杜园,3路,1,
杜园,闽江局,3路,1,
闽江局,螺洲泰禾福州院子,3路,1,
螺洲泰禾福州院子,螺洲店前,3路,1,
,,,,
秀宅路,祥浦苑,12路,1,
祥浦苑,观澜云著A区,12路,1,
观澜云著A区,江边新苑,12路,1,
江边新苑,雁头,12路,1,
雁头,雁头路西,12路,1,
雁头路西,仓山区检察院,12路,1,
仓山区检察院,先峰幼儿园,12路,1,
先峰幼儿园,仓山步行街,12路,1,
仓山步行街,十棉祠,12路,1,
十棉祠,桥南,12路,1,
桥南,观井,12路,1,
观井,中洲岛,12路,1,
中洲岛,中亭街,12路,1,
中亭街,学军路,12路,1,
学军路,马口,12路,1,
马口,河下路,12路,1,
河下路,浦西社区,12路,1,
浦西社区,德榜路新兴路口,12路,1,
德榜路新兴路口,尤溪洲(东)停车场,12路,1,
,,,,
金山工业区台江园,橘园洲仓山园,13路,1,
橘园洲仓山园,花溪北路,13路,1,
花溪北路,金山大道口,13路,1,
金山大道口,融信第一城,13路,1,
融信第一城,洪湾路口,13路,1,
洪湾路口,上雁路口,13路,1,
上雁路口,金祥路口(后曹村),13路,1,
金祥路口(后曹村),金祥路金洲路口,13路,1,
金祥路金洲路口,福州金山中学,13路,1,
福州金山中学,榕城广场,13路,1,
榕城广场,金山新华图书城,13路,1,
金山新华图书城,上浦路口,13路,1,
上浦路口,福祥社区,13路,1,
福祥社区,祥坂路口,13路,1,
祥坂路口,省血液中心,13路,1,
省血液中心,福建海事局,13路,1,
福建海事局,长寿社,13路,1,
长寿社,帮洲,13路,1,
帮洲,苍霞新城,13路,1,
苍霞新城,青年广场,13路,1,
青年广场,闽江之心(台州步行街),13路,1,
闽江之心(台州步行街),排尾,13路,1,
排尾,亚峰,13路,1,
亚峰,排尾路长乐南路口,13路,1,
排尾路长乐南路口,亚峰农贸市场,13路,1,
亚峰农贸市场,鳌峰大桥,13路,1,
鳌峰大桥,金融街万达广场,13路,1,
金融街万达广场,鳌峰亚兴路口,13路,1,
鳌峰亚兴路口,鱼池,13路,1,
鱼池,鳌峰公园,13路,1,
鳌峰公园,公交鳌峰站,13路,1,
公交鳌峰站,鳌峰洲公交总站,13路,1,
,,,,
软件园鲲鹏大厦,文山里,14路,1,
文山里,文山里泵站,14路,1,
文山里泵站,福建工贸学校,14路,1,
福建工贸学校,原厝,14路,1,
原厝,国光公园,14路,1,
国光公园,福道6号口,14路,1,
福道6号口,洪山桥,14路,1,
洪山桥,物构所,14路,1,
物构所,天骏小区,14路,1,
天骏小区,福大北门,14路,1,
福大北门,凤凰池,14路,1,
凤凰池,福大东门,14路,1,
福大东门,西禅寺,14路,1,
西禅寺,闽江学院工业路校区,14路,1,
闽江学院工业路校区,福祥社区,14路,1,
福祥社区,祥坂路口,14路,1,
祥坂路口,宝龙城市广场,14路,1,
宝龙城市广场,工业路白马路口,14路,1,
工业路白马路口,博美诗邦,14路,1,
博美诗邦,安淡,14路,1,
安淡,打铁垱,14路,1,
打铁垱,十四桥,14路,1,
十四桥,安平小区,14路,1,
安平小区,闽江之心(台州步行街),14路,1,
闽江之心(台州步行街),桥南,14路,1,
桥南,仓山步行街,14路,1,
仓山步行街,先锋幼儿园,14路,1,
先锋幼儿园,仓山区检察院,14路,1,
仓山区检察院,龙福机电交易市场,14路,1,
龙福机电交易市场,高湖村,14路,1,
高湖村,盖山镇政府新村,14路,1,
盖山镇政府新村,则徐广场,14路,1,
则徐广场,白湖亭,14路,1,
,,,,
淮安公交总站,淮安高沙,15路,1,
淮安高沙,淮安上下店路口,15路,1,
淮安上下店路口,福建理工学校,15路,1,
福建理工学校,农大社区,15路,1,
农大社区,农林大学,15路,1,
农林大学,福建建筑学校,15路,1,
福建建筑学校,洪塘地铁站,15路,1,
洪塘地铁站,旭辉左海岸(阵坂),15路,1,
旭辉左海岸(阵坂),西山,15路,1,
西山,金山开发区,15路,1,
金山开发区,天翔发展,15路,1,
天翔发展,马榕地铁站,15路,1,
马榕地铁站,瑞达电子,15路,1,
瑞达电子,北京金山,15路,1,
北京金山,上浦路口,15路,1,
上浦路口,福祥社区,15路,1,
福祥社区,祥坂路口,15路,1,
祥坂路口,宝龙城市广场,15路,1,
宝龙城市广场,工业路白马路口,15路,1,
工业路白马路口,博美诗邦,15路,1,
博美诗邦,省人民医院,15路,1,
省人民医院,文化宫,15路,1,
文化宫,学军路东,15路,1,
学军路东,市一医院,15路,1,
市一医院,十四桥,15路,1,
十四桥,安平小区,15路,1,
安平小区,闽江之心(台州步行街),15路,1,
闽江之心(台州步行街),排尾,15路,1,
排尾,亚峰,15路,1,
亚峰,排尾路长乐南路口,15路,1,
排尾路长乐南路口,亚峰农贸市场,15路,1,
亚峰农贸市场,鳌峰大桥,15路,1,
鳌峰大桥,金融街万达广场,15路,1,
金融街万达广场,鳌峰亚兴路口,15路,1,
鳌峰亚兴路口,鱼池,15路,1,
鱼池,鳌峰公园,15路,1,
鳌峰公园,公交鳌峰站,15路,1,
公交鳌峰站,鳌峰洲公交总站,15路,1,
,,,,
洪山梁厝路口,福道6号口,16路,1,
福道6号口,洪山桥,16路,1,
洪山桥,物构所,16路,1,
物构所,天骏小区,16路,1,
天骏小区,福大北门,16路,1,
福大北门,茶园山,16路,1,
茶园山,柳桥,16路,1,
柳桥,陆庄,16路,1,
陆庄,高峰桥,16路,1,
高峰桥,省话剧院,16路,1,
省话剧院,福二中,16路,1,
福二中,福州市政府,16路,1,
福州市政府,乌山路口,16路,1,
乌山路口,于山,16路,1,
于山,水部,16路,1,
水部,古田六一路口,16路,1,
古田六一路口,紫阳,16路,1,
紫阳,乐西(东),16路,1,
乐西(东),讲堂前,16路,1,
讲堂前,世欧广场,16路,1,
世欧广场,象园街道,16路,1,
象园街道,市青少年活动中心,16路,1,
市青少年活动中心,福州市老年大学,16路,1,
福州市老年大学,长乐南路,16路,1,
长乐南路,亚峰农贸市场,16路,1,
亚峰农贸市场,鳌峰大桥,16路,1,
鳌峰大桥,金融街万达广场,16路,1,
金融街万达广场,鳌峰亚兴路口,16路,1,
鳌峰亚兴路口,鱼池,16路,1,
鱼池,鳌峰公园,16路,1,
鳌峰公园,公交鳌峰洲站,16路,1,
公交鳌峰洲站,鳌峰公交总站,16路,1,
,,,,
埔党路口,山北东园,17路,1,
山北东园,居住主题公园,17路,1,
居住主题公园,山北井店,17路,1,
山北井店,解放溪,17路,1,
解放溪,秀山村,17路,1,
秀山村,地铁秀山站,17路,1,
地铁秀山站,高佳苑,17路,1,
高佳苑,郭前路口,17路,1,
郭前路口,新店镇政府,17路,1,
新店镇政府,电建二公司,17路,1,
电建二公司,华林高架,17路,1,
华林高架,湖塍,17路,1,
湖塍,洋下新村,17路,1,
洋下新村,东门村委,17路,1,
东门村委,塔头,17路,1,
塔头,福州锅炉厂原址,17路,1,
福州锅炉厂原址,东岳,17路,1,
东岳,福新支路,17路,1,
福新支路,长乐北路口,17路,1,
长乐北路口,乐西(东),17路,1,
乐西(东),讲堂前,17路,1,
讲堂前,世欧广场,17路,1,
世欧广场,象园街道,17路,1,
象园街道,市青少年活动中心,17路,1,
市青少年活动中心,福州市老年大学,17路,1,
福州市老年大学,长乐南路,17路,1,
长乐南路,亚峰农贸市场,17路,1,
亚峰农贸市场,龙福机电交易市场,17路,1,
龙福机电交易市场,高湖村,17路,1,
高湖村,盖山镇政府新村,17路,1,
盖山镇政府新村,则徐广场,17路,1,
则徐广场,白湖亭,17路,1,
,,,,
火车站南广场,茶园,18路,1,
茶园,电建二公司,18路,1,
电建二公司,省老年医院,18路,1,
省老年医院,省老干局,18路,1,
省老干局,省农科院,18路,1,
省农科院,屏东,18路,1,
屏东,屏山,18路,1,
屏山,省卫健委,18路,1,
省卫健委,鼓楼,18路,1,
鼓楼,省话剧院,18路,1,
省话剧院,福二中,18路,1,
福二中,乌山小学,18路,1,
乌山小学,小柳路南,18路,1,
小柳路南,乌山桥西,18路,1,
乌山桥西,市教院附中,18路,1,
市教院附中,菏泽,18路,1,
菏泽,省血液中心,18路,1,
省血液中心,福建海事局,18路,1,
福建海事局,东南眼科,18路,1,
东南眼科,江南水都中学,18路,1,
江南水都中学,燎原路,18路,1,
燎原路,联建村,18路,1,
联建村,福建生态工程学校(洋洽),18路,1,
福建生态工程学校(洋洽),省精神卫生中心,18路,1,
省精神卫生中心,市妇幼保健院,18路,1,
市妇幼保健院,福建神学院,18路,1,
福建神学院,时代华威中学,18路,1,
时代华威中学,福湾财贸服装城,18路,1,
福湾财贸服装城,育达学校,18路,1,
育达学校,国艺花鸟市场,18路,1,
国艺花鸟市场,山道,18路,1,
山道,盘屿中学,18路,1,
盘屿中学,齐安路,18路,1,
齐安路,利嘉汽配城,18路,1,
利嘉汽配城,仁山路利嘉国际商业城,18路,1,
,,,,
满洋新秀,中央公园,19路,1,
中央公园,满洋路,19路,1,
满洋路,象峰中心小学,19路,1,
象峰中心小学,五四北泰禾广场,19路,1,
五四北泰禾广场,秀山村,19路,1,
秀山村,地铁秀山站,19路,1,
地铁秀山站,高佳苑,19路,1,
高佳苑,三盛果岭,19路,1,
三盛果岭,稻田创业小镇,19路,1,
稻田创业小镇,省老年体育中心,19路,1,
省老年体育中心,南平东路口,19路,1,
南平东路口,浮村,19路,1,
浮村,湖前,19路,1,
湖前,魁炉头,19路,1,
魁炉头,源脉温泉,19路,1,
源脉温泉,龙腰,19路,1,
龙腰,北门,19路,1,
北门,屏山,19路,1,
屏山,省卫健委,19路,1,
省卫健委,鼓楼,19路,1,
鼓楼,东街口,19路,1,
东街口,蒙古营,19路,1,
蒙古营,龙华天桥,19路,1,
龙华天桥,正大广场,19路,1,
正大广场,状元境,19路,1,
状元境,汽车站,19路,1,
汽车站,安淡,19路,1,
安淡,省人民医院,19路,1,
省人民医院,文化宫,19路,1,
文化宫,中亭街,19路,1,
中亭街,青年广场,19路,1,
青年广场,蓬埕,19路,1,
蓬埕,帮洲,19路,1,
帮洲,长寿社,19路,1,
长寿社,尤溪洲(东)停车场,19路,1,
,,,,
火车站南广场,茶园,20路,1,
茶园,电建二公司,20路,1,
电建二公司,华林高架,20路,1,
华林高架,地铁斗门,20路,1,
地铁斗门,华林四桥,20路,1,
华林四桥,省农行,20路,1,
省农行,屏东,20路,1,
屏东,屏山,20路,1,
屏山,省卫健委,20路,1,
省卫健委,鼓楼,20路,1,
鼓楼,南街,20路,1,
南街,道山路口,20路,1,
道山路口,南门,20路,1,
南门,茶亭,20路,1,
茶亭,洋头口,20路,1,
洋头口,省人民医院,20路,1,
省人民医院,文化宫,20路,1,
文化宫,中亭街,20路,1,
中亭街,青年广场,20路,1,
青年广场,轮工,20路,1,
轮工,苍霞嘉兴园,20路,1,
苍霞嘉兴园,师大,20路,1,
师大,仓山镇,20路,1,
仓山镇,福建第二轻工业学校,20路,1,
福建第二轻工业学校,福建船政交通职业学校,20路,1,
,,,,
火车站北广场,火车站南广场,22路,1,
火车站南广场,茶园,22路,1,
茶园,电建二公司,22路,1,
电建二公司,华林高架,22路,1,
华林高架,地铁斗门,22路,1,
地铁斗门,省农行,22路,1,
省农行,树兜,22路,1,
树兜,古三座,22路,1,
古三座,闽江饭店,22路,1,
闽江饭店,五四路口,22路,1,
五四路口,东街口,22路,1,
东街口,三坊七巷,22路,1,
三坊七巷,高峰桥,22路,1,
高峰桥,陆庄,22路,1,
陆庄,柳桥,22路,1,
柳桥,茶园山,22路,1,
茶园山,福大北门,22路,1,
福大北门,天骏小区,22路,1,
天骏小区,物构所,22路,1,
物构所,洪山桥,22路,1,
洪山桥,福建建筑学校,22路,1,
福建建筑学校,农林大学,22路,1,
农林大学,农大社区,22路,1,
农大社区,福建理工学校,22路,1,
福建理工学校,淮安上下店路口,22路,1,
淮安上下店路口,淮安高沙,22路,1,
淮安高沙,淮安公交总站,22路,1,
,,,,
福能总医院,孟超肝胆医院西洪院区(鸡角弄),23路,1,
孟超肝胆医院西洪院区(鸡角弄),西洪路,23路,1,
西洪路,九〇〇医院(原总院),23路,1,
九〇〇医院(原总院),熊猫世界,23路,1,
熊猫世界,双安城,23路,1,
双安城,福建博物馆,23路,1,
福建博物馆,梅峰宾馆,23路,1,
梅峰宾馆,左海公园,23路,1,
左海公园,三角井,23路,1,
三角井,省政府,23路,1,
省政府,屏东,23路,1,
屏东,省农行,23路,1,
省农行,华林四桥,23路,1,
华林四桥,地铁斗门,23路,1,
地铁斗门,湖塍,23路,1,
湖塍,洋下新村,23路,1,
洋下新村,东门村委,23路,1,
东门村委,东门,23路,1,
东门,省彩印厂,23路,1,
省彩印厂,长乐北路口,23路,1,
长乐北路口,乐西(东),23路,1,
乐西(东),王庄公交站总站,23路,1,
,,,,
尤溪洲(西)公交站,长寿社,25路,1,
长寿社,帮洲,25路,1,
帮洲,蓬埕,25路,1,
蓬埕,青年广场,25路,1,
青年广场,闽江之心(台州步行街),25路,1,
闽江之心(台州步行街),桥南,25路,1,
桥南,埔顶,25路,1,
埔顶,龙津,25路,1,
龙津,三叉街,25路,1,
三叉街,三叉街新村,25路,1,
三叉街新村,则徐大道盖山路口,25路,1,
则徐大道盖山路口,白湖亭,25路,1,
白湖亭,后坂,25路,1,
后坂,上洲,25路,1,
上洲,白湖村委,25路,1,
白湖村委,北园,25路,1,
北园,步卓,25路,1,
步卓,迎飞小区,25路,1,
迎飞小区,盖山跃进,25路,1,
盖山跃进,半田透,25路,1,
半田透,新安,25路,1,
新安,义序,25路,1,
义序,尚保,25路,1,
尚保,吴凤,25路,1,
吴凤,吴山,25路,1,
吴山,天水,25路,1,
天水,盘屿,25路,1,
盘屿,盘屿地铁站A口,25路,1,
盘屿地铁站A口,盘屿路,25路,1,
盘屿路,华威农产品交易中心,25路,1,
华威农产品交易中心,台屿地铁站,25路,1,
台屿地铁站,公交福湾站,25路,1,
,,,,
公交大学城总站,大学城师大西门,26路,1,
大学城师大西门,广贤路,26路,1,
广贤路,华南女院东门,26路,1,
华南女院东门,师大协和学院,26路,1,
师大协和学院,学府国屿,26路,1,
学府国屿,马保村,26路,1,
马保村,大学城闽江师专,26路,1,
大学城闽江师专,葛歧村,26路,1,
葛歧村,葛屿村,26路,1,
葛屿村,金山公交中心停车场,26路,1,
金山公交中心停车场,浦上建新南路口,26路,1,
浦上建新南路口,浦上大道,26路,1,
浦上大道,新筑社区,26路,1,
新筑社区,仓山万达广场,26路,1,
仓山万达广场,尤溪洲桥头,26路,1,
尤溪洲桥头,港头(闽江大道),26路,1,
港头(闽江大道),半道,26路,1,
半道,联建村,26路,1,
联建村,福建生态工程学校(洋洽),26路,1,
福建生态工程学校(洋洽),竹榄,26路,1,
竹榄,上渡,26路,1,
上渡,师大(程埔头),26路,1,
师大(程埔头),跑马场,26路,1,
跑马场,三叉街,26路,1,
三叉街,三叉街新村,26路,1,
三叉街新村,则徐大道盖山路口,26路,1,
则徐大道盖山路口,白湖亭,26路,1,
白湖亭,双湖二路,26路,1,
双湖二路,福田公司,26路,1,
福田公司,仓山科技园,26路,1,
,,,,
福大东门,西禅寺,27路,1,
西禅寺,闽江学院工业路校区,27路,1,
闽江学院工业路校区,福祥社区,27路,1,
福祥社区,祥坂路口,27路,1,
祥坂路口,宝龙城市广场,27路,1,
宝龙城市广场,白马河,27路,1,
白马河,上海街道,27路,1,
上海街道,斗池,27路,1,
斗池,乌山小学,27路,1,
乌山小学,福二中,27路,1,
福二中,省话剧院,27路,1,
省话剧院,双抛桥站(2号侯车楼),27路,1,
双抛桥站(2号侯车楼),旗汛口,27路,1,
旗汛口,八方大厦,27路,1,
八方大厦,东水路口,27路,1,
东水路口,东门,27路,1,
东门,省彩印厂,27路,1,
省彩印厂,晋安区委,27路,1,
晋安区委,福新东路,27路,1,
福新东路,金晖新村,27路,1,
金晖新村,地铁五里亭站,27路,1,
地铁五里亭站,肿瘤医院,27路,1,
肿瘤医院,前屿,27路,1,
前屿,前横路红光路口,27路,1,
前横路红光路口,后屿路口,27路,1,
后屿路口,警官学院,27路,1,
警官学院,福新公交枢纽站,27路,1,
,,,,
新厦二区社区,幸福城小区,28路,1,
幸福城小区,新店,28路,1,
新店,浮村,28路,1,
浮村,琴亭路西,28路,1,
琴亭路西,琴亭高架桥,28路,1,
琴亭高架桥,琴亭,28路,1,
琴亭,怡馨苑,28路,1,
怡馨苑,西园,28路,1,
西园,火车站南广场,28路,1,
火车站南广场,茶园,28路,1,
茶园,电建二公司,28路,1,
电建二公司,铁道医院,28路,1,
铁道医院,省二人民医院二化分院,28路,1,
省二人民医院二化分院,万事利花园,28路,1,
万事利花园,福新东路,28路,1,
福新东路,金晖新村,28路,1,
金晖新村,双坂,28路,1,
双坂,光明桥,28路,1,
光明桥,龙福机电交易市场,28路,1,
龙福机电交易市场,高湖村,28路,1,
高湖村,盖山镇政府新村,28路,1,
盖山镇政府新村,则徐广场,28路,1,
则徐广场,白湖亭,28路,1,
白湖亭,后坂,28路,1,
,,,,
金牛山公园,西河,29路,1,
西河,锦江园,29路,1,
锦江园,融侨锦江,29路,1,
融侨锦江,望龙台,29路,1,
望龙台,省广电中心,29路,1,
省广电中心,长寿社,29路,1,
长寿社,帮洲,29路,1,
帮洲,蓬埕,29路,1,
蓬埕,青年广场,29路,1,
青年广场,安平小区,29路,1,
安平小区,打铁垱,29路,1,
打铁垱,南公园,29路,1,
南公园,象园头,29路,1,
象园头,象园(长乐路口),29路,1,
象园(长乐路口),连潘,29路,1,
连潘,福州电视中心,29路,1,
福州电视中心,融侨东区,29路,1,
融侨东区,三木小区,29路,1,
三木小区,三木都市田园,29路,1,
三木都市田园,流星东景小区,29路,1,
流星东景小区,盛天现代城(前屿村),29路,1,
盛天现代城(前屿村),恒宇国际公园,29路,1,
恒宇国际公园,远洋,29路,1,
远洋,磨洋河,29路,1,
磨洋河,廨院小学,29路,1,
廨院小学,省革命历史纪念馆,29路,1,
省革命历史纪念馆,鼓山公交总站,29路,1,
,,,,
台江广场,闽江之心(台州步行街),30路,2,
闽江之心(台州步行街),桥南,30路,2,
桥南,埔顶,30路,2,
埔顶,龙津,30路,2,
龙津,三叉街,30路,2,
三叉街,三叉街新村,30路,2,
三叉街新村,则徐大道盖山路口,30路,2,
则徐大道盖山路口,后坂,30路,2,
后坂,地铁葫芦阵,30路,2,
地铁葫芦阵,葫芦阵南,30路,2,
葫芦阵南,黄山,30路,2,
黄山,福建省地质医院,30路,2,
福建省地质医院,排下,30路,2,
排下,城门三丰,30路,2,
城门三丰,城门,30路,2,
城门,前锦,30路,2,
前锦,三角埕,30路,2,
三角埕,温墩,30路,2,
温墩,胪雷亭,30路,2,
胪雷亭,石步,30路,2,
石步,浚边,30路,2,
浚边,三江路口,30路,2,
三江路口,峡南,30路,2,
峡南,建华管桩,30路,2,
建华管桩,枕峰,30路,2,
枕峰,祥谦陵园,30路,2,
祥谦陵园,泮洋村,30路,2,
泮洋村,尚干,30路,2,
尚干,尚干首末站,30路,2,
,,,,
动物园,金城工业区,117路,1,
金城工业区,西庄小区,117路,1,
西庄小区,西庄崇安路口,117路,1,
西庄崇安路口,新店医院,117路,1,
新店医院,南平西路,117路,1,
南平西路,浮村,117路,1,
浮村,琴亭路西,117路,1,
琴亭路西,方圆大厦,117路,1,
方圆大厦,琴湖小区,117路,1,
琴湖小区,省体育中心,117路,1,
省体育中心,省老干局,117路,1,
省老干局,省农科院,117路,1,
省农科院,树兜,117路,1,
树兜,古三座,117路,1,
古三座,七星井,117路,1,
七星井,开元寺,117路,1,
开元寺,尚宾路口,117路,1,
尚宾路口,南街,117路,1,
南街,道山路口,117路,1,
道山路口,乌山路口,117路,1,
乌山路口,福州市政府,117路,1,
福州市政府,白马河公园,117路,1,
白马河公园,上海街道,117路,1,
上海街道,白马河,117路,1,
白马河,宝龙城市广场,117路,1,
宝龙城市广场,省血液中心,117路,1,
省血液中心,福建海事局,117路,1,
福建海事局,尤溪洲桥头,117路,1,
尤溪洲桥头,金港路口,117路,1,
金港路口,浦上开发区协盛装饰大楼,117路,1,
浦上开发区协盛装饰大楼,浦上工业区,117路,1,
浦上工业区,建新杨周路口,117路,1,
建新杨周路口,桔园三期,117路,1,
桔园三期,金山公交中心停车场,117路,1,
金山公交中心停车场,金山浦上公交枢纽站,117路,1,
,,,,
白水塘,江厝路口,145路,1,
江厝路口,魁炉头,145路,1,
魁炉头,华屏路,145路,1,
华屏路,华林路口,145路,1,
华林路口,屏山,145路,1,
屏山,省卫健委,145路,1,
省卫健委,福三中,145路,1,
福三中,省物价局,145路,1,
省物价局,华大,145路,1,
华大,三角井,145路,1,
三角井,铜盘河,145路,1,
铜盘河,省消防支队,145路,1,
省消防支队,省档案馆,145路,1,
省档案馆,屏西商场,145路,1,
屏西商场,屏西新村北门,145路,1,
,,,,
火车站北广场,罗汉山隧道西,159路,1,
罗汉山隧道西,琴亭环岛(西),159路,1,
琴亭环岛(西),湖前,159路,1,
湖前,魁炉头,159路,1,
魁炉头,源脉温泉,159路,1,
源脉温泉,龙腰,159路,1,
龙腰,北门,159路,1,
北门,屏山,159路,1,
屏山,省林业局,159路,1,
省林业局,北院巷,159路,1,
北院巷,赛月亭,159路,1,
赛月亭,七星井,159路,1,
七星井,庆城,159路,1,
庆城,仙塔街,159路,1,
仙塔街,格致中学,159路,1,
格致中学,协和医院,159路,1,
协和医院,南门,159路,1,
南门,公交仁德站,159路,1,
,,,,
满洋新秀,中央公园,111路,1,
中央公园,满洋路,111路,1,
满洋路,象峰学校,111路,1,
象峰学校,五四北泰禾广场,111路,1,
五四北泰禾广场,秀山村,111路,1,
秀山村,地铁秀山站,111路,1,
地铁秀山站,高佳苑,111路,1,
高佳苑,三盛果岭,111路,1,
三盛果岭,稻田创业小镇,111路,1,
稻田创业小镇,省老年体育中心,111路,1,
省老年体育中心,南平东路口,111路,1,
南平东路口,浮村,111路,1,
浮村,湖前,111路,1,
湖前,魁炉头,111路,1,
魁炉头,源脉温泉,111路,1,
源脉温泉,龙腰,111路,1,
龙腰,北门,111路,1,
北门,华大,111路,1,
华大,省物价局,111路,1,
省物价局,西湖,111路,1,
西湖,西门,111路,1,
西门,高峰桥,111路,1,
高峰桥,陆庄,111路,1,
陆庄,柳桥,111路,1,
柳桥,茶园山,111路,1,
茶园山,福大北门,111路,1,
福大北门,天骏小区,111路,1,
天骏小区,物构所,111路,1,
物构所,洪山桥,111路,1,
洪山桥,郭厝里,111路,1,
郭厝里,洪塘地铁站,111路,1,
洪塘地铁站,旭辉左海岸(阵坂),111路,1,
旭辉左海岸(阵坂),正祥香槟风范,111路,1,
正祥香槟风范,金塘路,111路,1,
金塘路,金榕北路,111路,1,
金榕北路,金达路口,111路,1,
金达路口,市人才储备中心,111路,1,
市人才储备中心,榕城广场,111路,1,
榕城广场,福州金山中学,111路,1,
福州金山中学,金祥路金洲路口,111路,1,
金祥路金洲路口,金洲南路金山地铁站,111路,1,
金洲南路金山地铁站,金山公交总站,111路,1,
,,,,
正大广场,福建省科技馆北门,五一中路,1,
福建省科技馆北门,龙华天桥,五一中路,1,
,,,,
梅峰宾馆,省高院,23路,1,
省高院,左海公园,23路,1,
,,,,
北院巷,屏东,观风亭街,1,
屏东,华林路口,观风亭街,1,
华林路口,赛月亭,观风亭街,1,
,,,,
源脉温泉,屏山公园,龙腰立交桥,1,
屏山公园,华屏路,华屏路,1,
,,,,
于山,福建省科技馆北门,五一大道,1,
福建省科技馆北门,水部,五一大道,1,
,,,,
火车站北广场,水头,133路,1,
水头,湖塍,133路,1,
湖塍,洋下新村,133路,1,
洋下新村,东门村委,133路,1,
东门村委,东水路口,133路,1,
东水路口,八方大厦,133路,1,
八方大厦,蒙古营,133路,1,
蒙古营,龙华天桥,133路,1,
龙华天桥,五一广场,133路,1,
五一广场,南门,133路,1,
南门,茶亭,133路,1,
茶亭,洋头口,133路,1,
洋头口,博美诗邦,133路,1,
博美诗邦,双浦头,133路,1,
双浦头,宝龙·城市广场,133路,1,
宝龙·城市广场,省血液中心,133路,1,
省血液中心,福建海事局,133路,1,
福建海事局,尤溪洲桥头,133路,1,
尤溪洲桥头,仓山万达广场,133路,1,
仓山万达广场,浦上大道地铁站,133路,1,
浦上大道地铁站,金洲浦上路口,133路,1,
金洲浦上路口,凤岗里地铁站,133路,1,
凤岗里地铁站,凤冈路口,133路,1,
凤冈路口,金榕南路口,133路,1,
金榕南路口,为民路口,133路,1,
为民路口,福州金山中学,133路,1,
福州金山中学,金山地铁站D口,133路,1,
金山地铁站D口,金山地铁站F口,133路,1,
金山地铁站F口,金山公交总站,133路,1,
,,,,
上渡建材市场,上渡,115路,1,
上渡,师大(程埔头),115路,1,
师大(程埔头),跑马场,115路,1,
跑马场,龙津,115路,1,
龙津,埔顶,115路,1,
埔顶,桥南,115路,1,
桥南,桥北,115路,1,
桥北,雁塔,115路,1,
雁塔,象园头,115路,1,
象园头,象园(长乐路口),115路,1,
象园(长乐路口),象园街道,115路,1,
象园街道,世欧广场,115路,1,
世欧广场,讲堂前,115路,1,
讲堂前,乐西(东),115路,1,
乐西(东),大名城,115路,1,
大名城,地铁五里亭站,115路,1,
地铁五里亭站,肿瘤医院,115路,1,
肿瘤医院,前屿,115路,1,
前屿,恒宇国际公园,115路,1,
恒宇国际公园,远洋,115路,1,
远洋,磨洋河,115路,1,
磨洋河,廨院小学,115路,1,
廨院小学,省革命历史纪念馆,115路,1,
省革命历史纪念馆,地铁鼓山站,115路,1,
地铁鼓山站,廨院公交总站,115路,1,
,,,,
熊猫世界,西洪路,88路,1,
西洪路,湖头街,88路,1,
湖头街,西门,88路,1,
,,,,
福建博物馆,左海公园西门,88路,1,
左海公园西门,梅峰宾馆,88路,1,
梅峰宾馆,梅峰支路,88路,1,
梅峰支路,梅峰路,88路,1,
梅峰路,西洪凤里,88路,1,
西洪凤里,八一六花园,88路,1,
八一六花园,孟超肝胆医院西洪院区(鸡角弄),88路,1,
孟超肝胆医院西洪院区(鸡角弄),陆庄,88路,1,
陆庄,西门,88路,1,
西门,西湖,88路,1,
西湖,福三中,88路,1,
福三中,鼓楼,88路,1,
鼓楼,旗汛口,88路,1,
旗汛口,仙塔街,88路,1,
仙塔街,格致中学,88路,1,
格致中学,协和医院,88路,1,
协和医院,于山,88路,1,
于山,水部,88路,1,
水部,古田六一路口,88路,1,
古田六一路口,紫阳,88路,1,
紫阳,乐西(东),88路,1,
乐西(东),讲堂前,88路,1,
讲堂前,世欧广场,88路,1,
世欧广场,象园街道,88路,1,
象园街道,市青少年活动中心,88路,1,
市青少年活动中心,福州市老年大学,88路,1,
福州市老年大学,长乐南路,88路,1,
长乐南路,闽江世纪广场,88路,1,
闽江世纪广场,曙光支路东站,88路,1,
曙光支路东站,金融街万达广场,88路,1,
金融街万达广场,鳌峰亚兴路口,88路,1,
鳌峰亚兴路口,鱼池,88路,1,
鱼池,鳌峰公园,88路,1,
鳌峰公园,公交鳌峰洲站,88路,1,
公交鳌峰洲站,鳌峰洲公交总站,88路,1,
