前一节点,后一节点,线路名称,票价,区域属性,间距(km)
公交一路新村首末站,枫津路石湖路南,1路,2,姑苏区,
枫津路石湖路南,枫津路,1路,2,姑苏区,
枫津路,吴中汽车站南,1路,2,姑苏区,
吴中汽车站南,石湖东路,1路,2,姑苏区,
石湖东路,吴中商城,1路,2,姑苏区,
吴中商城,宝带路,1路,2,姑苏区,
宝带路,吴中区人民医院,1路,2,姑苏区,
吴中区人民医院,南门二村,1路,2,姑苏区,
南门二村,团结桥,1路,2,姑苏区,
团结桥,团结桥北,1路,2,姑苏区,
团结桥北,人民桥南,1路,2,姑苏区,
人民桥南,南门,1路,2,姑苏区,
南门,工人文化宫,1路,2,姑苏区,
工人文化宫,三元坊,1路,2,姑苏区,
三元坊,苏州图书馆,1路,2,姑苏区,
苏州图书馆,饮马桥,1路,2,姑苏区,
饮马桥,乐桥北,1路,2,姑苏区,
乐桥北,察院场观前街西,1路,2,姑苏区,
察院场观前街西,接驾桥,1路,2,姑苏区,
接驾桥,北寺塔,1路,2,姑苏区,
北寺塔,平门,1路,2,姑苏区,
平门,苏州站北广场公交枢纽站,1路,2,姑苏区,
,,,,,
津梁街首末站,东湖林语,2路,2,吴中区,
东湖林语,西交大苏州附中,2路,2,吴中区,
西交大苏州附中,园区二实小,2路,2,吴中区,
园区二实小,东湖大郡二期,2路,2,吴中区,
东湖大郡二期,湖东邻里中心,2路,2,吴中区,
湖东邻里中心,会心街,2路,2,吴中区,
会心街,圆融大厦,2路,2,吴中区,
圆融大厦,园区行政中心,2路,2,吴中区,
园区行政中心,九龙医院南,2路,2,吴中区,
九龙医院南,现代大道星湖街,2路,2,吴中区,
现代大道星湖街,国际博览中心东,2路,2,吴中区,
国际博览中心东,国际博览中心,2路,2,吴中区,
国际博览中心,艺术中心北,2路,2,吴中区,
艺术中心北,凤鸣街南,2路,2,吴中区,
凤鸣街南,沁苑小区,2路,2,吴中区,
沁苑小区,新加花园,2路,2,吴中区,
新加花园,新城邻里中心,2路,2,吴中区,
新城邻里中心,新城花园,2路,2,吴中区,
新城花园,印象城北,2路,2,吴中区,
印象城北,东港二村,2路,2,吴中区,
东港二村,现代大道西,2路,2,虎丘区,
现代大道西,相门新村,2路,2,姑苏区,
相门新村,苏大北校区东,2路,2,姑苏区,
苏大北校区东,苏大理想眼科医院,2路,2,姑苏区,
苏大理想眼科医院,相门,2路,2,姑苏区,
相门,市一中,2路,2,姑苏区,
市一中,乐桥,2路,2,姑苏区,
乐桥,养育巷,2路,2,姑苏区,
养育巷,学士街,2路,2,姑苏区,
学士街,阊胥路,2路,2,姑苏区,
阊胥路,烽火路北,2路,2,姑苏区,
烽火路北,彩香新村北,2路,2,姑苏区,
彩香新村北,彩香新村西,2路,2,姑苏区,
彩香新村西,彩虹新村,2路,2,姑苏区,
彩虹新村,附二医院,2路,2,姑苏区,
附二医院,新城花园酒店,2路,2,虎丘区,
新城花园酒店,锦华苑,2路,2,虎丘区,
锦华苑,新地中心北,2路,2,虎丘区,
新地中心北,百合花公寓,2路,2,虎丘区,
百合花公寓,狮子山,2路,2,虎丘区,
狮子山,御花园,2路,2,虎丘区,
御花园,馨泰花园西出口,2路,2,虎丘区,
馨泰花园西出口,新区一中,2路,2,虎丘区,
新区一中,新升新苑南,2路,2,虎丘区,
新升新苑南,新区水厂,2路,2,虎丘区,
新区水厂,竹园路金枫路西,2路,2,虎丘区,
竹园路金枫路西,新华路,2路,2,吴中区,
新华路,竹园路金山南路东(招呼站),2路,2,吴中区,
竹园路金山南路东(招呼站),中华园大酒店,2路,2,吴中区,
中华园大酒店,天平大酒店,2路,2,吴中区,
天平大酒店,木渎天虹,2路,2,吴中区,
木渎天虹,木渎,2路,2,吴中区,
木渎,木渎人民医院,2路,2,吴中区,
木渎人民医院,木渎古镇严家花园,2路,2,吴中区,
,,,,,
汽车南站公交换乘枢纽,汽车南站东,3路,2,姑苏区,
汽车南站东,南环桥,3路,2,姑苏区,
南环桥,杨枝塘东,3路,2,姑苏区,
杨枝塘东,东振路西,3路,2,虎丘区,
东振路西,金鸡湖大道西,3路,2,虎丘区,
金鸡湖大道西,葑门换乘站东,3路,2,虎丘区,
葑门换乘站东,苏大东校区2,3路,2,虎丘区,
苏大东校区2,苏大东校区(招呼站),3路,2,虎丘区,
苏大东校区(招呼站),徐家浜,3路,2,虎丘区,
徐家浜,相门新村,3路,2,虎丘区,
相门新村,现代大道西,3路,2,虎丘区,
现代大道西,东港新村2,3路,2,虎丘区,
东港新村2,向阳桥南,3路,2,虎丘区,
向阳桥南,苏安新村,3路,2,虎丘区,
苏安新村,上高路,3路,2,虎丘区,
上高路,苏州国际外语学校,3路,2,相城区,
苏州国际外语学校,中翔家电小商品市场,3路,2,相城区,
中翔家电小商品市场,夏圩(招呼站),3路,2,相城区,
夏圩(招呼站),相城区行政中心西,3路,2,相城区,
相城区行政中心西,相城大道春申湖路南,3路,2,相城区,
相城大道春申湖路南,苏州家具博览中心,3路,2,相城区,
苏州家具博览中心,新天地家具,3路,2,相城区,
新天地家具,汇海隆家具世博广场,3路,2,相城区,
汇海隆家具世博广场,相城大道泰元路南,3路,2,相城区,
相城大道泰元路南,元和科技园,3路,2,相城区,
元和科技园,相城大道太阳路,3路,2,相城区,
相城大道太阳路,苏州高铁吾悦广场,3路,2,相城区,
苏州高铁吾悦广场,相融路胡巷街北,3路,2,相城区,
相融路胡巷街北,相融大厦东,3路,2,相城区,
相融大厦东,京沪高铁苏州北站,3路,2,相城区,
京沪高铁苏州北站,澄阳路南天成路,3路,2,相城区,
澄阳路南天成路,联平路首末站,3路,2,相城区,
,,,,,
湖畔花园首末站,新加花园东,4路,2,吴中区,
新加花园东,新加花园,4路,2,吴中区,
新加花园,星海街现代大道,4路,2,吴中区,
星海街现代大道,都市花园,4路,2,吴中区,
都市花园,星海生活广场,4路,2,吴中区,
星海生活广场,师惠坊,4路,2,吴中区,
师惠坊,中央公园,4路,2,吴中区,
中央公园,海关大楼,4路,2,吴中区,
海关大楼,韶山花园,4路,2,吴中区,
韶山花园,东环路,4路,2,虎丘区,
东环路,徐家浜,4路,2,虎丘区,
徐家浜,苏大东校区2,4路,2,虎丘区,
苏大东校区2,葑门换乘站东,4路,2,虎丘区,
葑门换乘站东,金鸡湖大道西,4路,2,姑苏区,
金鸡湖大道西,东振路西,4路,2,姑苏区,
东振路西,杨枝塘东,4路,2,姑苏区,
杨枝塘东,南环桥,4路,2,姑苏区,
南环桥,汽车南站广场,4路,2,姑苏区,
汽车南站广场,南环新村,4路,2,姑苏区,
南环新村,团结桥东,4路,2,姑苏区,
团结桥东,团结桥西,4路,2,姑苏区,
团结桥西,大龙港新村,4路,2,姑苏区,
大龙港新村,盘溪新村,4路,2,姑苏区,
盘溪新村,解放新村,4路,2,姑苏区,
解放新村,友新新村,4路,2,姑苏区,
友新新村,桐泾公园,4路,2,姑苏区,
桐泾公园,胥江路,4路,2,姑苏区,
胥江路,桐泾南路,4路,2,姑苏区,
桐泾南路,象牙新村,4路,2,姑苏区,
象牙新村,索山桥东,4路,2,姑苏区,
索山桥东,赛格电子市场,4路,2,姑苏区,
赛格电子市场,香缇华苑北,4路,2,虎丘区,
香缇华苑北,新区实小竹园路校区,4路,2,虎丘区,
新区实小竹园路校区,名馨花园,4路,2,虎丘区,
名馨花园,明基医院,4路,2,虎丘区,
明基医院,新区一中,4路,2,虎丘区,
新区一中,新升新苑南,4路,2,虎丘区,
新升新苑南,新区水厂,4路,2,虎丘区,
新区水厂,竹园路金枫路西,4路,2,虎丘区,
竹园路金枫路西,新华路,4路,2,吴中区,
新华路,竹园路金山南路东(招呼站),4路,2,吴中区,
竹园路金山南路东(招呼站),竹园路金山路西,4路,2,吴中区,
竹园路金山路西,经二路,4路,2,吴中区,
经二路,竹园路灵天路东,4路,2,吴中区,
竹园路灵天路东,天平茶厂,4路,2,吴中区,
天平茶厂,木渎高级中学,4路,2,吴中区,
木渎高级中学,天平山,4路,2,吴中区,
,,,,,
嘉元花园,相城区人民医院,5路,2,相城区,
相城区人民医院,元和小学,5路,2,相城区,
元和小学,万泾花园,5路,2,相城区,
万泾花园,陆慕桥东,5路,2,相城区,
陆慕桥东,御窑金砖博物馆,5路,2,相城区,
御窑金砖博物馆,繁花中心,5路,2,相城区,
繁花中心,平门塘大桥南,5路,2,相城区,
平门塘大桥南,万达广场,5路,2,相城区,
万达广场,人民路平河路北,5路,2,姑苏区,
人民路平河路北,光华桥西,5路,2,姑苏区,
光华桥西,齐门,5路,2,姑苏区,
齐门,拙政园苏博(招呼站),5路,2,姑苏区,
拙政园苏博(招呼站),苏州博物馆(拙政园、狮子林),5路,2,姑苏区,
苏州博物馆(拙政园、狮子林),市立医院东区东,5路,2,姑苏区,
市立医院东区东,醋坊桥观前街东,5路,2,姑苏区,
醋坊桥观前街东,双塔,5路,2,姑苏区,
双塔,苏大附一院十梓街院区西,5路,2,姑苏区,
苏大附一院十梓街院区西,网师园西,5路,2,姑苏区,
网师园西,网师园,5路,2,姑苏区,
网师园,木杏新村,5路,2,姑苏区,
木杏新村,玉兰新村北,5路,2,姑苏区,
玉兰新村北,南园桥北,5路,2,姑苏区,
南园桥北,翠园新村,5路,2,姑苏区,
翠园新村,汽车南站,5路,2,姑苏区,
汽车南站,迎春路吴中东路,5路,2,姑苏区,
迎春路吴中东路,文卫新村,5路,2,姑苏区,
文卫新村,姜家桥,5路,2,吴中区,
姜家桥,北巷桥东,5路,2,吴中区,
北巷桥东,苏州古玩城,5路,2,吴中区,
苏州古玩城,东方大道(古玩城)首末站北,5路,2,吴中区,
,,,,,
嘉元花园,采莲换乘中心,7路,2,相城区,
采莲换乘中心,元和之春,7路,2,相城区,
元和之春,嘉和丽园,7路,2,相城区,
嘉和丽园,锦绣江南,7路,2,相城区,
锦绣江南,相城区人民医院西,7路,2,相城区,
相城区人民医院西,元和小学,7路,2,相城区,
元和小学,万泾花园,7路,2,相城区,
万泾花园,陆慕,7路,2,相城区,
陆慕,宋泾桥北,7路,2,相城区,
宋泾桥北,宋泾桥南,7路,2,相城区,
宋泾桥南,南巷,7路,2,相城区,
南巷,洋泾塘,7路,2,相城区,
洋泾塘,江墘路,7路,2,姑苏区,
江墘路,平河路北,7路,2,姑苏区,
平河路北,姑苏区行政中心南,7路,2,姑苏区,
姑苏区行政中心南,苏州旅游集散中心西,7路,2,姑苏区,
苏州旅游集散中心西,苏州站南广场,7路,2,姑苏区,
苏州站南广场,苏州市康复医院,7路,2,姑苏区,
苏州市康复医院,市立医院北区,7路,2,姑苏区,
市立医院北区,山塘街,7路,2,姑苏区,
山塘街,金阊实验小学,7路,2,姑苏区,
金阊实验小学,广济桥(石路),7路,2,姑苏区,
广济桥(石路),爱河桥,7路,2,姑苏区,
爱河桥,小日晖桥北,7路,2,姑苏区,
小日晖桥北,小日晖桥,7路,2,姑苏区,
小日晖桥,胥门,7路,2,姑苏区,
胥门,新市桥游船码头,7路,2,姑苏区,
新市桥游船码头,新市桥南,7路,2,姑苏区,
新市桥南,解放桥北(招呼站),7路,2,姑苏区,
解放桥北(招呼站),盘溪新村,7路,2,姑苏区,
盘溪新村,水香六村,7路,2,姑苏区,
水香六村,盘蠡路吴中西路南,7路,2,吴中区,
盘蠡路吴中西路南,盘蠡路宝带西路南,7路,2,吴中区,
盘蠡路宝带西路南,盘蠡路宝带西路北,7路,2,吴中区,
盘蠡路宝带西路北,新家桥,7路,2,吴中区,
新家桥,嘉福桥,7路,2,吴中区,
嘉福桥,苏蠡花园,7路,2,吴中区,
苏蠡花园,跃进桥,7路,2,吴中区,
跃进桥,蠡墅,7路,2,吴中区,
蠡墅,复兴桥,7路,2,吴中区,
复兴桥,苏蠡路彭泾,7路,2,吴中区,
苏蠡路彭泾,彭泾,7路,2,吴中区,
彭泾,蠡墅立交,7路,2,吴中区,
,,,,,
金筑实验小学校,新东方汽车配件城北,8路,2,姑苏区,
新东方汽车配件城北,机电五金城南,8路,2,姑苏区,
机电五金城南,钱万里桥新市场北,8路,2,姑苏区,
钱万里桥新市场北,机电五金城,8路,2,姑苏区,
机电五金城,新东方汽车配件城南,8路,2,姑苏区,
新东方汽车配件城南,圩北港桥,8路,2,姑苏区,
圩北港桥,圩南港桥,8路,2,姑苏区,
圩南港桥,联城桥东,8路,2,姑苏区,
联城桥东,旺巷桥,8路,2,姑苏区,
旺巷桥,美地花园,8路,2,姑苏区,
美地花园,汇翠花园,8路,2,姑苏区,
汇翠花园,草桥中学,8路,2,姑苏区,
草桥中学,江星桥,8路,2,姑苏区,
江星桥,大观名园,8路,2,姑苏区,
大观名园,平川路江星路东,8路,2,姑苏区,
平川路江星路东,苏州平江医院,8路,2,姑苏区,
苏州平江医院,和合街,8路,2,姑苏区,
和合街,北广场汽车客运站,8路,2,姑苏区,
北广场汽车客运站,苏州站北广场,8路,2,姑苏区,
苏州站北广场,平门,8路,2,姑苏区,
平门,北寺塔,8路,2,姑苏区,
北寺塔,接驾桥,8路,2,姑苏区,
接驾桥,察院场观前街西,8路,2,姑苏区,
察院场观前街西,乐桥北,8路,2,姑苏区,
乐桥北,饮马桥东,8路,2,姑苏区,
饮马桥东,平直实小东,8路,2,姑苏区,
平直实小东,苏大附一院十梓街院区西,8路,2,姑苏区,
苏大附一院十梓街院区西,双塔2,8路,2,姑苏区,
双塔2,市一中,8路,2,姑苏区,
市一中,乐桥北,8路,2,姑苏区,
乐桥北,察院场观前街西,8路,2,姑苏区,
察院场观前街西,接驾桥,8路,2,姑苏区,
接驾桥,北寺塔,8路,2,姑苏区,
北寺塔,平门,8路,2,姑苏区,
平门,苏州站北广场,8路,2,姑苏区,
苏州站北广场,北广场汽车客运站,8路,2,姑苏区,
北广场汽车客运站,和合街,8路,2,姑苏区,
和合街,苏州平江医院,8路,2,姑苏区,
苏州平江医院,平川路江星路东,8路,2,姑苏区,
平川路江星路东,大观名园,8路,2,姑苏区,
大观名园,江星桥,8路,2,姑苏区,
江星桥,草桥中学,8路,2,姑苏区,
草桥中学,汇翠花园,8路,2,姑苏区,
汇翠花园,美地花园,8路,2,姑苏区,
美地花园,旺巷桥,8路,2,姑苏区,
旺巷桥,联城桥东,8路,2,姑苏区,
联城桥东,圩南港桥,8路,2,姑苏区,
圩南港桥,圩北港桥,8路,2,姑苏区,
圩北港桥,新东方汽车配件城南,8路,2,姑苏区,
新东方汽车配件城南,机电五金城,8路,2,姑苏区,
机电五金城,钱万里桥新市场北,8路,2,姑苏区,
钱万里桥新市场北,机电五金城南,8路,2,姑苏区,
机电五金城南,新东方汽配城北,8路,2,姑苏区,
新东方汽配城北,金筑实验小学校,8路,2,姑苏区,
,,,,,
官渎里立交换乘枢纽站,苏安新村2,9路,2,虎丘区,
苏安新村2,向阳桥南,9路,2,姑苏区,
向阳桥南,东港新村,9路,2,姑苏区,
东港新村,现代大道西,9路,2,姑苏区,
现代大道西,相门新村,9路,2,姑苏区,
相门新村,苏大北校区东,9路,2,姑苏区,
苏大北校区东,苏大理想眼科医院,9路,2,姑苏区,
苏大理想眼科医院,相门,9路,2,姑苏区,
相门,市一中,9路,2,姑苏区,
市一中,乐桥,9路,2,姑苏区,
乐桥,养育巷,9路,2,姑苏区,
养育巷,学士街,9路,2,姑苏区,
学士街,阊胥路,9路,2,姑苏区,
阊胥路,烽火路北,9路,2,姑苏区,
烽火路北,彩香新村北,9路,2,姑苏区,
彩香新村北,开放大学,9路,2,姑苏区,
开放大学,虹桥站,9路,2,姑苏区,
虹桥站,馨连桥,9路,2,姑苏区,
馨连桥,三元新村,9路,2,姑苏区,
三元新村,来凤桥,9路,2,姑苏区,
来凤桥,闻钟苑,9路,2,姑苏区,
闻钟苑,新庄新村北,9路,2,姑苏区,
新庄新村北,新庄立交,9路,2,姑苏区,
新庄立交,新庄立交换乘枢纽站,9路,2,姑苏区,
,,,,,
南环桥,杨枝塘东,10路(东线),2,姑苏区,
杨枝塘东,东振路西,10路(东线),2,姑苏区,
东振路西,金鸡湖大道西,10路(东线),2,姑苏区,
金鸡湖大道西,葑门换乘站东,10路(东线),2,姑苏区,
葑门换乘站东,苏大东校区2,10路(东线),2,姑苏区,
苏大东校区2,苏大东校区,10路(东线),2,姑苏区,
苏大东校区,徐家浜,10路(东线),2,姑苏区,
徐家浜,相门新村,10路(东线),2,姑苏区,
相门新村,现代大道西,10路(东线),2,姑苏区,
现代大道西,东港新村2,10路(东线),2,姑苏区,
东港新村2,向阳桥南,10路(东线),2,姑苏区,
向阳桥南,苏安新村,10路(东线),2,姑苏区,
苏安新村,官读里立交桥,10路(东线),2,姑苏区,
官读里立交桥,齐门北,10路(东线),2,姑苏区,
齐门北,苏州旅游集散中心,10路(东线),2,姑苏区,
苏州旅游集散中心,苏州站北广场,10路(东线),2,姑苏区,
苏州站北广场,北广场汽车客运站,10路(东线),2,姑苏区,
北广场汽车客运站,新天地家园,10路(东线),2,姑苏区,
新天地家园,塔影河桥,10路(东线),2,姑苏区,
塔影河桥,苏州市康复医院,10路(东线),2,姑苏区,
苏州市康复医院,钱万里桥北,10路(东线),2,姑苏区,
钱万里桥北,清塘新村北,10路(东线),2,姑苏区,
清塘新村北,半塘,10路(东线),2,姑苏区,
半塘,虎丘立交桥东,10路(东线),2,姑苏区,
虎丘立交桥东,观景新村,10路(东线),2,姑苏区,
观景新村,新庄立交,10路(东线),2,姑苏区,
新庄立交,新庄新村北,10路(东线),2,姑苏区,
新庄新村北,闻钟苑,10路(东线),2,姑苏区,
闻钟苑,来凤桥,10路(东线),2,姑苏区,
来凤桥,三元新村,10路(东线),2,姑苏区,
三元新村,狮山桥东,10路(东线),2,姑苏区,
狮山桥东,体育中心,10路(东线),2,姑苏区,
体育中心,五环桥,10路(东线),2,姑苏区,
五环桥,索山桥南,10路(东线),2,姑苏区,
索山桥南,唐胥桥,10路(东线),2,姑苏区,
唐胥桥,梅亭苑,10路(东线),2,姑苏区,
梅亭苑,晋源桥东,10路(东线),2,姑苏区,
晋源桥东,福星小区,10路(东线),2,姑苏区,
福星小区,友新新村南,10路(东线),2,姑苏区,
友新新村南,友联新村北,10路(东线),2,姑苏区,
友联新村北,盘溪新村南,10路(东线),2,姑苏区,
盘溪新村南,大龙港新村,10路(东线),2,姑苏区,
大龙港新村,团结桥西,10路(东线),2,姑苏区,
团结桥西,团结桥东,10路(东线),2,姑苏区,
团结桥东,南环新村,10路(东线),2,姑苏区,
南环新村,汽车南站广场,10路(东线),2,姑苏区,
汽车南站广场,汽车南站东,10路(东线),2,姑苏区,
汽车南站东,南环桥,10路(东线),2,姑苏区,
,,,,,
虎丘婚纱城首末站,虎丘婚纱城西,游1路(北线),2,姑苏区,
虎丘婚纱城西,虎丘婚纱城,游1路(北线),2,姑苏区,
虎丘婚纱城,虎丘路,游1路(北线),2,姑苏区,
虎丘路,虎阜桥,游1路(北线),2,姑苏区,
虎阜桥,青山桥浜,游1路(北线),2,姑苏区,
青山桥浜,虎阜花园西区北,游1路(北线),2,姑苏区,
虎阜花园西区北,平河路江星路西,游1路(北线),2,姑苏区,
平河路江星路西,大观名园,游1路(北线),2,姑苏区,
大观名园,平川路江星路东,游1路(北线),2,姑苏区,
平川路江星路东,苏州平江医院,游1路(北线),2,姑苏区,
苏州平江医院,和合街,游1路(北线),2,姑苏区,
和合街,北广场汽车客运站,游1路(北线),2,姑苏区,
北广场汽车客运站,苏州站北广场,游1路(北线),2,姑苏区,
苏州站北广场,平门,游1路(北线),2,姑苏区,
平门,北寺塔,游1路(北线),2,姑苏区,
北寺塔,接驾桥,游1路(北线),2,姑苏区,
接驾桥,察院场观前街西,游1路(北线),2,姑苏区,
察院场观前街西,乐桥北,游1路(北线),2,姑苏区,
乐桥北,养育巷,游1路(北线),2,姑苏区,
养育巷,学士街,游1路(北线),2,姑苏区,
学士街,小日晖桥北,游1路(北线),2,姑苏区,
小日晖桥北,爱河桥,游1路(北线),2,姑苏区,
爱河桥,广济桥(石路),游1路(北线),2,姑苏区,
广济桥(石路),留园,游1路(北线),2,姑苏区,
留园,虎丘路新村(一号桥),游1路(北线),2,姑苏区,
虎丘路新村(一号桥),观景新村东,游1路(北线),2,姑苏区,
观景新村东,虎丘路,游1路(北线),2,姑苏区,
虎丘路,虎丘婚纱城,游1路(北线),2,姑苏区,
虎丘婚纱城,虎丘婚纱城首末站,游1路(北线),2,姑苏区,
,,,,,
浒关首末站,浒墅关幼儿园,32路,2,虎丘区,
浒墅关幼儿园,浒墅关中心小学南,32路,2,虎丘区,
浒墅关中心小学南,浒墅关,32路,2,虎丘区,
浒墅关,保卫新村北,32路,2,虎丘区,
保卫新村北,保卫新村东,32路,2,虎丘区,
保卫新村东,惠丰街中兴路东,32路,2,虎丘区,
惠丰街中兴路东,朱家庄(浒关),32路,2,虎丘区,
朱家庄(浒关),新浒花园三区北门,32路,2,虎丘区,
新浒花园三区北门,金榈湾,32路,2,虎丘区,
金榈湾,新浒花园三区,32路,2,虎丘区,
新浒花园三区,新浒花园二区,32路,2,虎丘区,
新浒花园二区,新浒花园一区南,32路,2,虎丘区,
新浒花园一区南,水乡桥南,32路,2,虎丘区,
水乡桥南,陆步桥北,32路,2,虎丘区,
陆步桥北,陆步桥南,32路,2,姑苏区,
陆步桥南,富强新苑,32路,2,姑苏区,
富强新苑,金成家园,32路,2,姑苏区,
金成家园,城北十一号桥,32路,2,姑苏区,
城北十一号桥,机电五金城南,32路,2,姑苏区,
机电五金城南,钱万里桥新市场北,32路,2,姑苏区,
钱万里桥新市场北,和泰家园北,32路,2,姑苏区,
和泰家园北,白洋湾公园北,32路,2,姑苏区,
白洋湾公园北,苏城大道金湾街东,32路,2,姑苏区,
苏城大道金湾街东,花神苑北,32路,2,姑苏区,
花神苑北,虎丘北门,32路,2,姑苏区,
虎丘北门,虎丘书院,32路,2,姑苏区,
虎丘书院,虎阜花园西区北,32路,2,姑苏区,
虎阜花园西区北,塔影河桥,32路,2,姑苏区,
塔影河桥,清塘新村,32路,2,姑苏区,
清塘新村,惠济桥,32路,2,姑苏区,
惠济桥,桃花坞,32路,2,姑苏区,
桃花坞,光华中学,32路,2,姑苏区,
光华中学,宋仙洲巷,32路,2,姑苏区,
宋仙洲巷,景德路,32路,2,姑苏区,
景德路,养育巷,32路,2,姑苏区,
养育巷,乐桥,32路,2,姑苏区,
乐桥,市一中,32路,2,姑苏区,
市一中,相门,32路,2,姑苏区,
相门,苏大理想眼科医院,32路,2,姑苏区,
苏大理想眼科医院,苏大北校区东,32路,2,姑苏区,
苏大北校区东,东环路,32路,2,姑苏区,
东环路,韶山花园,32路,2,虎丘区,
韶山花园,百安居西,32路,2,虎丘区,
百安居西,紫藤街,32路,2,吴中区,
,,,,,
苏州市康复医院,市立医院北区,204路,2,姑苏区,
市立医院北区,山塘街,204路,2,姑苏区,
山塘街,金阊实验小学,204路,2,姑苏区,
金阊实验小学,广济桥(石路),204路,2,姑苏区,
广济桥(石路),石路南,204路,2,姑苏区,
石路南,爱河桥,204路,2,姑苏区,
爱河桥,慈济,204路,2,姑苏区,
慈济,儿童医院景德路院区,204路,2,姑苏区,
儿童医院景德路院区,察院场,204路,2,姑苏区,
察院场,玄妙观,204路,2,姑苏区,
玄妙观,狮子林南,204路,2,姑苏区,
狮子林南,平江路,204路,2,姑苏区,
平江路,东园,204路,2,姑苏区,
东园,北张家巷,204路,2,姑苏区,
北张家巷,娄门桥,204路,2,姑苏区,
娄门桥,娄门北,204路,2,姑苏区,
娄门北,苏安首末站,204路,2,姑苏区,
苏安首末站,苏安新村,204路,2,姑苏区,
苏安新村,向阳桥南,204路,2,虎丘区,
向阳桥南,东港新村,204路,2,虎丘区,
东港新村,现代大道西,204路,2,虎丘区,
现代大道西,相门新村,204路,2,虎丘区,
相门新村,徐家浜,204路,2,虎丘区,
徐家浜,苏大东校区2,204路,2,虎丘区,
苏大东校区2,夏家浜路,204路,2,虎丘区,
夏家浜路,星杭街金鸡湖大道,204路,2,虎丘区,
星杭街金鸡湖大道,黄天荡新村,204路,2,虎丘区,
黄天荡新村,苏大附中,204路,2,虎丘区,
苏大附中,北摆宴街,204路,2,虎丘区,
北摆宴街,南摆宴街,204路,2,虎丘区,
南摆宴街,群星苑一区东,204路,2,虎丘区,
群星苑一区东,群星路,204路,2,虎丘区,
群星路,群星一路,204路,2,虎丘区,
群星一路,群星二路,204路,2,虎丘区,
群星二路,群星三路,204路,2,虎丘区,
群星三路,通达路,204路,2,虎丘区,
通达路,金典花园,204路,2,吴中区,
金典花园,独墅岛,204路,2,吴中区,
,,,,,
虎丘路,观景新村东,虎丘专线,2,姑苏区,
观景新村东,和园路,虎丘专线,2,姑苏区,
和园路,苏州农学院,虎丘专线,2,姑苏区,
苏州农学院,西园路东,虎丘专线,2,姑苏区,
西园路东,留园,虎丘专线,2,姑苏区,
留园,广济桥(石路),虎丘专线,2,姑苏区,
广济桥(石路),石路南,虎丘专线,2,姑苏区,
石路南,爱河桥,虎丘专线,2,姑苏区,
爱河桥,小日晖桥北,虎丘专线,2,姑苏区,
小日晖桥北,阊胥路,虎丘专线,2,姑苏区,
阊胥路,广济南路,虎丘专线,2,姑苏区,
广济南路,广济桥(石路),虎丘专线,2,姑苏区,
广济桥(石路),留园,虎丘专线,2,姑苏区,
留园,虎丘路新村(一号桥),虎丘专线,2,姑苏区,
虎丘路新村(一号桥),观景新村东,虎丘专线,2,姑苏区,
观景新村东,虎丘路,虎丘专线,2,姑苏区,
,,,,,
苏州站南广场公交枢纽,苏州市康复医院,406路,2,姑苏区,
苏州市康复医院,市立医院北区,406路,2,姑苏区,
市立医院北区,山塘街,406路,2,姑苏区,
山塘街,金阊实验小学,406路,2,姑苏区,
金阊实验小学,广济桥(石路),406路,2,姑苏区,
广济桥(石路),上津桥,406路,2,姑苏区,
上津桥,永津桥东,406路,2,姑苏区,
永津桥东,西园,406路,2,姑苏区,
西园,下津桥,406路,2,姑苏区,
下津桥,来凤桥,406路,2,姑苏区,
来凤桥,寒山寺南,406路,2,姑苏区,
寒山寺南,今日家园,406路,2,姑苏区,
今日家园,时代花园,406路,2,虎丘区,
时代花园,格林花园,406路,2,虎丘区,
格林花园,塔园路邓尉路北,406路,2,虎丘区,
塔园路邓尉路北,桃园度假村,406路,2,虎丘区,
桃园度假村,新地中心,406路,2,虎丘区,
新地中心,名馨花园东,406路,2,虎丘区,
名馨花园东,名馨花园,406路,2,虎丘区,
名馨花园,明基医院,406路,2,虎丘区,
明基医院,明基医院西,406路,2,虎丘区,
明基医院西,富士胶片,406路,2,虎丘区,
富士胶片,石城(招呼站),406路,2,虎丘区,
石城(招呼站),山水华庭,406路,2,虎丘区,
山水华庭,苏科大天平学院,406路,2,吴中区,
苏科大天平学院,静波桥,406路,2,吴中区,
静波桥,中山东路长江西路,406路,2,吴中区,
中山东路长江西路,中山东路枫瑞路,406路,2,吴中区,
中山东路枫瑞路,中山东路珠江路东,406路,2,吴中区,
中山东路珠江路东,金枫立交桥东,406路,2,吴中区,
金枫立交桥东,金枫立交西,406路,2,吴中区,
,,,,,
官渎里立交桥,苏安新村2,313路,2,姑苏区,
苏安新村2,向阳桥,313路,2,姑苏区,
向阳桥,娄门,313路,2,姑苏区,
娄门,北园新村北,313路,2,姑苏区,
北园新村北,北园路,313路,2,姑苏区,
北园路,齐门东,313路,2,姑苏区,
齐门东,齐门,313路,2,姑苏区,
齐门,拙政园苏博,313路,2,姑苏区,
拙政园苏博,苏州博物馆,313路,2,姑苏区,
苏州博物馆,市立医院东区,313路,2,姑苏区,
市立医院东区,接驾桥,313路,2,姑苏区,
接驾桥,察院场观前街西,313路,2,姑苏区,
察院场观前街西,乐桥北,313路,2,姑苏区,
乐桥北,养育巷,313路,2,姑苏区,
养育巷,学士街,313路,2,姑苏区,
学士街,小日晖桥北,313路,2,姑苏区,
小日晖桥北,爱河桥,313路,2,姑苏区,
爱河桥,石路南,313路,2,姑苏区,
石路南,朱家庄新村,313路,2,姑苏区,
朱家庄新村,水云桥东,313路,2,姑苏区,
水云桥东,水云桥西,313路,2,姑苏区,
水云桥西,三元二村,313路,2,姑苏区,
三元二村,寒山寺南,313路,2,姑苏区,
寒山寺南,苏科大·江苏苏州干部学院,313路,2,姑苏区,
苏科大·江苏苏州干部学院,何山花园,313路,2,虎丘区,
何山花园,水洲饭店,313路,2,虎丘区,
水洲饭店,和乐家园南,313路,2,虎丘区,
和乐家园南,狮山新苑,313路,2,虎丘区,
狮山新苑,狮山新苑西,313路,2,虎丘区,
狮山新苑西,新草桥中学(招呼站),313路,2,虎丘区,
新草桥中学(招呼站),苏州实验中学,313路,2,虎丘区,
苏州实验中学,狮子山东,313路,2,虎丘区,
狮子山东,御花园,313路,2,虎丘区,
御花园,馨泰花园西出口,313路,2,虎丘区,
馨泰花园西出口,新区一中,313路,2,虎丘区,
新区一中,新升新苑南,313路,2,虎丘区,
,,,,,
官渎里立交换乘枢纽站,官渎里立交桥,31路,2,虎丘区,
官渎里立交桥,齐门北,31路,2,姑苏区,
齐门北,平齐花苑,31路,2,姑苏区,
平齐花苑,平门东,31路,2,姑苏区,
平门东,平门西,31路,2,姑苏区,
平门西,平四路,31路,2,姑苏区,
平四路,桃花坞,31路,2,姑苏区,
桃花坞,光华中学,31路,2,姑苏区,
光华中学,皋桥,31路,2,姑苏区,
皋桥,阊门横街,31路,2,姑苏区,
阊门横街,上塘街,31路,2,姑苏区,
上塘街,广济桥(石路),31路,2,姑苏区,
广济桥(石路),朱家庄新村,31路,2,姑苏区,
朱家庄新村,水云桥东,31路,2,姑苏区,
水云桥东,水云桥西,31路,2,姑苏区,
水云桥西,三元二村,31路,2,姑苏区,
三元二村,寒山寺南,31路,2,姑苏区,
寒山寺南,苏科大·江苏苏州干部学院,31路,2,姑苏区,
苏科大·江苏苏州干部学院,何山花园,31路,2,虎丘区,
何山花园,金狮大厦,31路,2,虎丘区,
金狮大厦,锦华苑,31路,2,虎丘区,
锦华苑,新地中心,31路,2,虎丘区,
新地中心,名馨花园东,31路,2,虎丘区,
名馨花园东,名馨花园,31路,2,虎丘区,
名馨花园,明基医院,31路,2,虎丘区,
明基医院,明基医院西,31路,2,虎丘区,
明基医院西,富士胶片,31路,2,虎丘区,
富士胶片,山水华庭,31路,2,虎丘区,
山水华庭,金长路长江路西,31路,2,吴中区,
金长路长江路西,木渎南行实验学校,31路,2,吴中区,
木渎南行实验学校,花苑东路东,31路,2,吴中区,
花苑东路东,袁家浜,31路,2,吴中区,
袁家浜,中山东路枫瑞路,31路,2,吴中区,
中山东路枫瑞路,中山东路珠江路东,31路,2,吴中区,
中山东路珠江路东,金枫立交东,31路,2,吴中区,
金枫立交东,金枫立交西,31路,2,吴中区,
,,,,,
苏州大学本部,苏大附一院十梓街院区,9006路区间,2,姑苏区,
苏大附一院十梓街院区,网师园西,9006路区间,2,姑苏区,
网师园西,南林饭店,9006路区间,2,姑苏区,
南林饭店,三元坊(十全街),9006路区间,2,姑苏区,
三元坊(十全街),苏州图书馆,9006路区间,2,姑苏区,
苏州图书馆,饮马桥东,9006路区间,2,姑苏区,
饮马桥东,平直实小东,9006路区间,2,姑苏区,
平直实小东,苏大附一院十梓街院区,9006路区间,2,姑苏区,
苏大附一院十梓街院区,苏州大学本部,9006路区间,2,姑苏区,
,,,,,
国际教育园北区首末站,经贸学院东,305路,2,虎丘区,
经贸学院东,苏州技师学院,305路,2,虎丘区,
苏州技师学院,铁师二桥,305路,2,虎丘区,
铁师二桥,苏州技师学院东,305路,2,虎丘区,
苏州技师学院东,致和桥,305路,2,虎丘区,
致和桥,卫生学院石湖校区西,305路,2,虎丘区,
卫生学院石湖校区西,学府花苑北,305路,2,虎丘区,
学府花苑北,福运路吴中西路南,305路,2,虎丘区,
福运路吴中西路南,福运公寓,305路,2,姑苏区,
福运公寓,梅亭苑,305路,2,姑苏区,
梅亭苑,唐寅园,305路,2,姑苏区,
唐寅园,桐泾公园,305路,2,姑苏区,
桐泾公园,胥江路,305路,2,姑苏区,
胥江路,胥虹苑,305路,2,姑苏区,
胥虹苑,胥江新村,305路,2,姑苏区,
胥江新村,新市桥西,305路,2,姑苏区,
新市桥西,盘门景区北,305路,2,姑苏区,
盘门景区北,东大街,305路,2,姑苏区,
东大街,司前街,305路,2,姑苏区,
司前街,干将路,305路,2,姑苏区,
干将路,景德路,305路,2,姑苏区,
景德路,察院场,305路,2,姑苏区,
察院场,察院场观前街西,305路,2,姑苏区,
察院场观前街西,接驾桥,305路,2,姑苏区,
接驾桥,北寺塔,305路,2,姑苏区,
北寺塔,皮市街北,305路,2,姑苏区,
皮市街北,苏州博物馆,305路,2,姑苏区,
苏州博物馆,狮子林南,305路,2,姑苏区,
狮子林南,平江路,305路,2,姑苏区,
平江路,东园,305路,2,姑苏区,
东园,北张家巷,305路,2,姑苏区,
北张家巷,向阳桥,305路,2,姑苏区,
向阳桥,苏安新村,305路,2,姑苏区,
苏安新村,官渎里立交桥东,305路,2,虎丘区,
官渎里立交桥东,官渎桥东,305路,2,虎丘区,
,,,,,
梅亭苑,唐胥桥,40路(东线),2,姑苏区,
唐胥桥,索山桥南,40路(东线),2,姑苏区,
索山桥南,五环桥,40路(东线),2,姑苏区,
五环桥,体育中心,40路(东线),2,姑苏区,
体育中心,附二医院,40路(东线),2,姑苏区,
附二医院,彩虹新村,40路(东线),2,姑苏区,
彩虹新村,彩香新村,40路(东线),2,姑苏区,
彩香新村,三香广场,40路(东线),2,姑苏区,
三香广场,三香新村,40路(东线),2,姑苏区,
三香新村,三香公园,40路(东线),2,姑苏区,
三香公园,姑胥桥,40路(东线),2,姑苏区,
姑胥桥,吉利桥,40路(东线),2,姑苏区,
吉利桥,市立医院本部,40路(东线),2,姑苏区,
市立医院本部,平直实小东,40路(东线),2,姑苏区,
平直实小东,苏大附一院十梓街院区西,40路(东线),2,姑苏区,
苏大附一院十梓街院区西,双塔,40路(东线),2,姑苏区,
双塔,相门,40路(东线),2,姑苏区,
相门,苏大理想眼科医院,40路(东线),2,姑苏区,
苏大理想眼科医院,苏大北校区东,40路(东线),2,姑苏区,
苏大北校区东,相门新村,40路(东线),2,姑苏区,
相门新村,现代大道西,40路(东线),2,姑苏区,
现代大道西,东港新村2,40路(东线),2,姑苏区,
东港新村2,向阳桥南,40路(东线),2,姑苏区,
向阳桥南,向阳桥北,40路(东线),2,姑苏区,
向阳桥北,向阳桥,40路(东线),2,姑苏区,
向阳桥,娄门,40路(东线),2,姑苏区,
娄门,北园新村北,40路(东线),2,姑苏区,
北园新村北,北园路,40路(东线),2,姑苏区,
北园路,齐门东,40路(东线),2,姑苏区,
齐门东,齐门,40路(东线),2,姑苏区,
齐门,苏州旅游集散中心北,40路(东线),2,姑苏区,
苏州旅游集散中心北,苏州旅游集散中心,40路(东线),2,姑苏区,
苏州旅游集散中心,苏州站南广场,40路(东线),2,姑苏区,
苏州站南广场,钱万里桥北,40路(东线),2,姑苏区,
钱万里桥北,清塘新村北,40路(东线),2,姑苏区,
清塘新村北,半塘,40路(东线),2,姑苏区,
半塘,玻纤路,40路(东线),2,姑苏区,
玻纤路,仁安街,40路(东线),2,姑苏区,
仁安街,西园路东,40路(东线),2,姑苏区,
西园路东,苏州农学院,40路(东线),2,姑苏区,
苏州农学院,西园路中,40路(东线),2,姑苏区,
西园路中,西园路西,40路(东线),2,姑苏区,
西园路西,闻钟苑,40路(东线),2,姑苏区,
闻钟苑,来凤桥,40路(东线),2,姑苏区,
来凤桥,寒山寺南,40路(东线),2,姑苏区,
寒山寺南,今日家园,40路(东线),2,姑苏区,
今日家园,时代花园,40路(东线),2,虎丘区,
时代花园,格林花园,40路(东线),2,虎丘区,
格林花园,塔院路邓尉路北,40路(东线),2,虎丘区,
塔院路邓尉路北,桃园度假村,40路(东线),2,虎丘区,
桃园度假村,新地中心北,40路(东线),2,虎丘区,
新地中心北,锦华苑,40路(东线),2,虎丘区,
锦华苑,新城花园酒店,40路(东线),2,虎丘区,
新城花园酒店,体育中心,40路(东线),2,虎丘区,
体育中心,五环桥,40路(东线),2,姑苏区,
五环桥,索山桥南,40路(东线),2,姑苏区,
索山桥南,唐胥桥,40路(东线),2,姑苏区,
唐胥桥,梅亭苑,40路(东线),2,姑苏区,
,,,,,
国际教育园南区首末站,旅游财经校,514路,2,吴中区,
旅游财经校,建设交通校,514路,2,吴中区,
建设交通校,职业大学,514路,2,吴中区,
职业大学,江苏省外国语学校,514路,2,吴中区,
江苏省外国语学校,圣陶路,514路,2,吴中区,
圣陶路,莫舍桥东,514路,2,吴中区,
莫舍桥东,蠡墅立交桥西,514路,2,吴中区,
蠡墅立交桥西,彭泾,514路,2,吴中区,
彭泾,吴中大道长蠡路,514路,2,吴中区,
吴中大道长蠡路,大龙江桥,514路,2,吴中区,
大龙江桥,南湖路红庄,514路,2,吴中区,
南湖路红庄,枫津南路港巷路,514路,2,吴中区,
枫津南路港巷路,城南卫生院,514路,2,吴中区,
城南卫生院,桂苑小区,514路,2,吴中区,
桂苑小区,大华酒店用品市场,514路,2,吴中区,
大华酒店用品市场,适新科技,514路,2,吴中区,
适新科技,迎春南路石湖路北,514路,2,吴中区,
迎春南路石湖路北,澹台湖大桥,514路,2,吴中区,
澹台湖大桥,文曲路,514路,2,吴中区,
文曲路,迎春路宝带东路北,514路,2,吴中区,
迎春路宝带东路北,迎春路吴中东路,514路,2,吴中区,
迎春路吴中东路,汽车南站,514路,2,姑苏区,
汽车南站,翠园新村,514路,2,姑苏区,
翠园新村,南园桥北,514路,2,姑苏区,
南园桥北,桂花新村北,514路,2,姑苏区,
桂花新村北,桂花公园,514路,2,姑苏区,
桂花公园,葑门西街,514路,2,姑苏区,
葑门西街,葑门北,514路,2,姑苏区,
葑门北,相门后庄,514路,2,姑苏区,
相门后庄,相门桥,514路,2,姑苏区,
相门桥,新湘苑,514路,2,姑苏区,
新湘苑,永林新村,514路,2,姑苏区,
永林新村,日规路,514路,2,姑苏区,
日规路,娄门桥,514路,2,姑苏区,
娄门桥,向阳路,514路,2,姑苏区,
向阳路,苏安新村,514路,2,姑苏区,
苏安新村,官渎里立交桥,514路,2,姑苏区,
,,,,,
津梁街首末站,东湖林语,47路,3,吴中区,
东湖林语,西交大苏州附中北,47路,3,吴中区,
西交大苏州附中北,园区二实小北,47路,3,吴中区,
园区二实小北,东城郡南,47路,3,吴中区,
东城郡南,湖东邻里中心北,47路,3,吴中区,
湖东邻里中心北,会心街,47路,3,吴中区,
会心街,圆融大厦,47路,3,吴中区,
圆融大厦,园区行政中心,47路,3,吴中区,
园区行政中心,九龙医院南,47路,3,吴中区,
九龙医院南,现代大道星湖街,47路,3,吴中区,
现代大道星湖街,国际博览中心东,47路,3,吴中区,
国际博览中心东,国际博览中心,47路,3,吴中区,
国际博览中心,艺术中心北,47路,3,吴中区,
艺术中心北,凤鸣街南,47路,3,吴中区,
凤鸣街南,沁苑小区,47路,3,吴中区,
沁苑小区,沁苑邻里中心,47路,3,吴中区,
沁苑邻里中心,苏州中心北,47路,3,吴中区,
苏州中心北,国际大厦,47路,3,吴中区,
国际大厦,国际大厦西,47路,3,吴中区,
国际大厦西,四季新家园,47路,3,吴中区,
四季新家园,师惠邻里中心,47路,3,吴中区,
师惠邻里中心,星海公园,47路,3,吴中区,
星海公园,星海学校东,47路,3,吴中区,
星海学校东,星海学校西,47路,3,吴中区,
星海学校西,宜家公寓,47路,3,吴中区,
宜家公寓,夏园新村,47路,3,吴中区,
夏园新村,万科美好广场,47路,3,虎丘区,
万科美好广场,苏大东校区2,47路,3,虎丘区,
苏大东校区2,葑门换乘站南,47路,3,虎丘区,
葑门换乘站南,葑门,47路,3,姑苏区,
葑门,葑门西街,47路,3,姑苏区,
葑门西街,觅渡桥北,47路,3,姑苏区,
觅渡桥北,觅渡桥西,47路,3,姑苏区,
觅渡桥西,南园桥西,47路,3,姑苏区,
南园桥西,人民桥东,47路,3,姑苏区,
人民桥东,裕棠桥,47路,3,姑苏区,
裕棠桥,盘门,47路,3,姑苏区,
盘门,盘溪新村,47路,3,姑苏区,
盘溪新村,友联新村北,47路,3,姑苏区,
友联新村北,友联新村南,47路,3,姑苏区,
友联新村南,福星小区东,47路,3,姑苏区,
福星小区东,友联二村,47路,3,姑苏区,
友联二村,吴中西路友新路西,47路,3,姑苏区,
吴中西路友新路西,中医院,47路,3,姑苏区,
中医院,前范村,47路,3,姑苏区,
前范村,宝带西路福运路东,47路,3,姑苏区,
宝带西路福运路东,学府花苑北,47路,3,虎丘区,
学府花苑北,卫生学院石湖校区西,47路,3,虎丘区,
卫生学院石湖校区西,致和桥,47路,3,虎丘区,
致和桥,宝带西路科锐路西,47路,3,虎丘区,
宝带西路科锐路西,宝带路科惠路北,47路,3,虎丘区,
宝带路科惠路北,经贸学院东,47路,3,虎丘区,
经贸学院东,国际教育园北区首末站,47路,3,虎丘区,
,,,,,
南环桥,杨枝塘东,9010路社区巴士,1,姑苏区,
杨枝塘东,东振路西,9010路社区巴士,1,虎丘区,
东振路西,金鸡湖大道西,9010路社区巴士,1,虎丘区,
金鸡湖大道西,葑门换乘站南,9010路社区巴士,1,虎丘区,
葑门换乘站南,葑门,9010路社区巴士,1,姑苏区,
葑门,葑门西街,9010路社区巴士,1,姑苏区,
葑门西街,桂花公园,9010路社区巴士,1,姑苏区,
桂花公园,振华中学西,9010路社区巴士,1,姑苏区,
振华中学西,苏州饭店,9010路社区巴士,1,姑苏区,
苏州饭店,网师园西,9010路社区巴士,1,姑苏区,
网师园西,苏大附一院十梓街院区西,9010路社区巴士,1,姑苏区,
苏大附一院十梓街院区西,双塔2,9010路社区巴士,1,姑苏区,
双塔2,大公园,9010路社区巴士,1,姑苏区,
大公园,苏州图书馆,9010路社区巴士,1,姑苏区,
苏州图书馆,三元坊,9010路社区巴士,1,姑苏区,
三元坊,工人文化宫,9010路社区巴士,1,姑苏区,
工人文化宫,南门,9010路社区巴士,1,姑苏区,
南门,人民桥南,9010路社区巴士,1,姑苏区,
人民桥南,团结桥东,9010路社区巴士,1,姑苏区,
团结桥东,南环新村,9010路社区巴士,1,姑苏区,
南环新村,汽车南站东,9010路社区巴士,1,姑苏区,
汽车南站东,南环桥,9010路社区巴士,1,姑苏区,
,,,,,
平门桥,齐门桥,外城河,1,姑苏区,
齐门桥,东汇公园,外城河,1,姑苏区,
东汇公园,糖坊湾桥,外城河,1,姑苏区,
糖坊湾桥,娄门桥,外城河,1,姑苏区,
娄门桥,相门桥,外城河,1,姑苏区,
相门桥,葑门桥,外城河,1,姑苏区,
葑门桥,竹辉桥,外城河,1,姑苏区,
竹辉桥,桂花公园古城墙,外城河,1,姑苏区,
桂花公园古城墙,南园桥,外城河,1,姑苏区,
南园桥,人民桥,外城河,1,姑苏区,
人民桥,裕棠桥,外城河,1,姑苏区,
裕棠桥,新市桥,外城河,1,姑苏区,
新市桥,姑胥桥,外城河,1,姑苏区,
姑胥桥,干将桥,外城河,1,姑苏区,
干将桥,景德桥,外城河,1,姑苏区,
景德桥,南新桥,外城河,1,姑苏区,
南新桥,吊桥,外城河,1,姑苏区,
吊桥,惠济桥,外城河,1,姑苏区,
惠济桥,平门桥,外城河,1,姑苏区,
,,,,,
平门桥,平门东,外城河,1,姑苏区,
齐门桥,齐门,外城河,1,姑苏区,
东汇公园,糖坊湾,外城河,1,姑苏区,
糖坊湾桥,糖坊湾,外城河,1,姑苏区,
娄门桥,娄门,外城河,1,姑苏区,
葑门桥,葑门北,外城河,1,姑苏区,
相门桥,相门,外城河,1,姑苏区,
竹辉桥,桂花公园,外城河,1,姑苏区,
竹辉桥,觅渡桥北,外城河,1,姑苏区,
南园桥,觅渡桥西,外城河,1,姑苏区,
南园桥,南园桥西,外城河,1,姑苏区,
人民桥,人民桥南,外城河,1,姑苏区,
人民桥,人民桥南,外城河,1,姑苏区,
人民桥,轮船码头首末站,外城河,1,姑苏区,
新市桥,新市桥西,外城河,1,姑苏区,
干将桥,烽火路北,外城河,1,姑苏区,
干将桥,学士街,外城河,1,姑苏区,
景德桥,慈济,外城河,1,姑苏区,
景德桥,石路老街坊,外城河,1,姑苏区,
南新桥,爱河桥,外城河,1,姑苏区,
南新桥,石路南,外城河,1,姑苏区,
,,,,,
夏园新村东,万科美好广场,9008路社区巴士,2,虎丘区,
万科美好广场,苏大东校区2,9008路社区巴士,2,虎丘区,
苏大东校区2,葑门换乘站南,9008路社区巴士,2,虎丘区,
葑门换乘站南,葑门,9008路社区巴士,2,姑苏区,
葑门,葑门北,9008路社区巴士,2,姑苏区,
葑门北,相门后庄,9008路社区巴士,2,姑苏区,
相门后庄,相门桥,9008路社区巴士,2,姑苏区,
相门桥,新湘苑,9008路社区巴士,2,姑苏区,
新湘苑,永林新村,9008路社区巴士,2,姑苏区,
永林新村,日规路,9008路社区巴士,2,姑苏区,
日规路,娄门北,9008路社区巴士,2,姑苏区,
娄门北,糖坊湾,9008路社区巴士,2,姑苏区,
糖坊湾,挹秀新村,9008路社区巴士,2,姑苏区,
挹秀新村,苏州旅游集散中心北,9008路社区巴士,2,姑苏区,
苏州旅游集散中心北,苏州旅游集散中心东,9008路社区巴士,2,姑苏区,
苏州旅游集散中心东,挹秀新村,9008路社区巴士,2,姑苏区,
挹秀新村,糖坊湾,9008路社区巴士,2,姑苏区,
糖坊湾,娄门北,9008路社区巴士,2,姑苏区,
娄门北,日规路,9008路社区巴士,2,姑苏区,
日规路,永林新村,9008路社区巴士,2,姑苏区,
永林新村,新湘苑,9008路社区巴士,2,姑苏区,
新湘苑,相门桥,9008路社区巴士,2,姑苏区,
相门桥,相门后庄,9008路社区巴士,2,姑苏区,
相门后庄,葑门北,9008路社区巴士,2,姑苏区,
葑门北,葑门,9008路社区巴士,2,姑苏区,
葑门,葑门换乘站南,9008路社区巴士,2,姑苏区,
葑门换乘站南,苏大东校区,9008路社区巴士,2,姑苏区,
苏大东校区,夏园新村,9008路社区巴士,2,虎丘区,
夏园新村,中新大道西星杭街东,9008路社区巴士,2,虎丘区,
,,,,,
吊桥,渡僧桥,古运河,1,姑苏区,
渡僧桥,广济桥,古运河,1,姑苏区,
广济桥,上津桥,古运河,1,姑苏区,
上津桥,永津桥,古运河,1,姑苏区,
永津桥,福德桥,古运河,1,姑苏区,
福德桥,下津桥,古运河,1,姑苏区,
下津桥,来凤桥,古运河,1,姑苏区,
来凤桥,江枫桥码头,古运河,1,姑苏区,
江枫桥码头,寒山楼码头,古运河,1,姑苏区,
寒山楼码头,枫桥夜泊,古运河,1,姑苏区,
枫桥夜泊,何山桥,古运河,1,姑苏区,
,,,,,
下津桥,西园路东,丰乐弄,1,姑苏区,
下津桥,苏州农学院,丰乐弄,1,姑苏区,
,,,,,
何山桥,自在门,枫桥路,1,姑苏区,
自在门,寒山楼码头,枫桥路,1,姑苏区,
,,,,,
广济桥,广济桥(石路),古运河,1,姑苏区,
永津桥,永津桥东,古运河,1,姑苏区,
,,,,,
吊桥,山塘桥,山塘河,1,姑苏区,
山塘桥,通贵桥,山塘河,1,姑苏区,
通贵桥,新民桥,山塘河,1,姑苏区,
新民桥,星桥,山塘河,1,姑苏区,
星桥,万福桥,山塘河,1,姑苏区,
万福桥,彩云桥,山塘河,1,姑苏区,
彩云桥,普济桥,山塘河,1,姑苏区,
普济桥,虎阜桥,山塘河,1,姑苏区,
虎阜桥,望山桥,山塘河,1,姑苏区,
望山桥,西山庙桥,山塘河,1,姑苏区,
西山庙桥,金鸡墩景区,山塘河,1,姑苏区,
金鸡墩景区,白洋湾公园,山塘河,1,姑苏区,
,,,,,
西山庙桥,云岩桥,山塘河,1,姑苏区,
云岩桥,斟酌桥,山塘河,1,姑苏区,
斟酌桥,虎阜桥,山塘河,1,姑苏区,
,,,,,
斟酌桥,望山桥,山塘河,1,姑苏区,
,,,,,
西山庙桥,松风桥,山塘河,1,姑苏区,
松风桥,海涌桥,山塘河,1,姑苏区,
海涌桥,塔影桥,山塘河,1,姑苏区,
塔影桥,斟酌桥,山塘河,1,姑苏区,
,,,,,
云岩桥,虎丘北门,山塘河,1,姑苏区,
,,,,,
西山庙桥,花神殿,山塘河,1,姑苏区,
花神殿,花神苑北,山塘河,1,姑苏区,
,,,,,
云岩桥,新塘桥,十字洋河,1,姑苏区,
新塘桥,新塘桥东,十字洋河,1,姑苏区,
新塘桥东,观园桥,十字洋河,1,姑苏区,
观园桥,安阜桥,十字洋河,1,姑苏区,
安阜桥,十字洋河桥,十字洋河,1,姑苏区,
十字洋河桥,钱万里桥,十字洋河,1,姑苏区,
钱万里桥,平门桥,十字洋河,1,姑苏区,
,,,,,
钱万里桥,钱万里桥北,十字洋河,1,姑苏区,
观园桥,平河路江星路西,十字洋河,1,姑苏区,
新塘桥东,联城桥,十字洋河,1,姑苏区,
联城桥,虎丘湿地公园,十字洋河,1,姑苏区,
,,,,,
姑胥桥,泰让桥,胥江,1,姑苏区,
泰让桥,桐馨桥,胥江,1,姑苏区,
桐馨桥,唐胥桥,胥江,1,姑苏区,
,,,,,
苏安首末站,向阳桥,9009路,1,姑苏区,
向阳桥,娄门,9009路,1,姑苏区,
娄门,北园新村北,9009路,1,姑苏区,
北园新村北,北园路,9009路,1,姑苏区,
北园路,百家巷,9009路,1,姑苏区,
百家巷,北园新村,9009路,1,姑苏区,
北园新村,娄门,9009路,1,姑苏区,
娄门,北张家巷,9009路,1,姑苏区,
北张家巷,东园,9009路,1,姑苏区,
东园,平江路站,9009路,1,姑苏区,
平江路站,狮子林南,9009路,1,姑苏区,
狮子林南,市立医院东区,9009路,1,姑苏区,
市立医院东区,北寺塔,9009路,1,姑苏区,
北寺塔,北寺塔东,9009路,1,姑苏区,
北寺塔东,皮市街北,9009路,1,姑苏区,
皮市街北,苏州博物馆,9009路,1,姑苏区,
苏州博物馆,狮子林南,9009路,1,姑苏区,
狮子林南,平江路,9009路,1,姑苏区,
平江路,东园,9009路,1,姑苏区,
东园,北张家巷,9009路,1,姑苏区,
北张家巷,向阳桥,9009路,1,姑苏区,
向阳桥,苏安新村,9009路,1,姑苏区,
,,,,,
轮船码头首末站,南门,夜专3路,1,姑苏区,
南门,南园新村北,夜专3路,1,姑苏区,
南园新村北,盘门景区北,夜专3路,1,姑苏区,
盘门景区北,新市桥游船码头,夜专3路,1,姑苏区,
新市桥游船码头,胥门,夜专3路,1,姑苏区,
胥门,姑胥桥,夜专3路,1,姑苏区,
姑胥桥,吉庆街,夜专3路,1,姑苏区,
吉庆街,学士街南,夜专3路,1,姑苏区,
学士街南,学士街北,夜专3路,1,姑苏区,
学士街北,儿童医院景德路院区,夜专3路,1,姑苏区,
儿童医院景德路院区,察院场,夜专3路,1,姑苏区,
察院场,乐桥北,夜专3路,1,姑苏区,
乐桥北,养育巷,夜专3路,1,姑苏区,
养育巷,干将路,夜专3路,1,姑苏区,
干将路,司前街,夜专3路,1,姑苏区,
司前街,东大街,夜专3路,1,姑苏区,
东大街,南园新村北,夜专3路,1,姑苏区,
南园新村北,南门,夜专3路,1,姑苏区,
南门,人民桥,夜专3路,1,姑苏区,
人民桥,轮船码头首末站,夜专3路,1,姑苏区,
,,,,,
解放西路换乘枢纽站,唐寅园,970路(西线),1,姑苏区,
唐寅园,桐泾公园西,970路(西线),1,姑苏区,
桐泾公园西,友新新村,970路(西线),1,姑苏区,
友新新村,解放新村,970路(西线),1,姑苏区,
解放新村,新市桥南,970路(西线),1,姑苏区,
新市桥南,新市桥游船码头,970路(西线),1,姑苏区,
新市桥游船码头,胥门,970路(西线),1,姑苏区,
胥门,小日晖桥,970路(西线),1,姑苏区,
小日晖桥,阊胥路,970路(西线),1,姑苏区,
阊胥路,广济南路,970路(西线),1,姑苏区,
广济南路,广济桥(石路),970路(西线),1,姑苏区,
广济桥(石路),金阊实验小学,970路(西线),1,姑苏区,
金阊实验小学,山塘街,970路(西线),1,姑苏区,
山塘街,市立医院北区,970路(西线),1,姑苏区,
市立医院北区,清塘新村,970路(西线),1,姑苏区,
清塘新村,塔影河桥,970路(西线),1,姑苏区,
塔影河桥,平川路江星路东,970路(西线),1,姑苏区,
平川路江星路东,苏州平江医院,970路(西线),1,姑苏区,
苏州平江医院,平川路广济北路东,970路(西线),1,姑苏区,
平川路广济北路东,平川路人民路西,970路(西线),1,姑苏区,
平川路人民路西,姑苏区行政中心东,970路(西线),1,姑苏区,
姑苏区行政中心东,锦宙桥,970路(西线),1,姑苏区,
锦宙桥,油车桥西,970路(西线),1,姑苏区,
油车桥西,梅莲桥西,970路(西线),1,姑苏区,
梅莲桥西,官渎里,970路(西线),1,姑苏区,
官渎里,苏安新村,970路(西线),1,姑苏区,
苏安新村,向阳桥,970路(西线),1,姑苏区,
向阳桥,娄门桥,970路(西线),1,姑苏区,
娄门桥,日规路,970路(西线),1,姑苏区,
日规路,永林新村,970路(西线),1,姑苏区,
永林新村,新湘苑,970路(西线),1,姑苏区,
新湘苑,相门桥,970路(西线),1,姑苏区,
相门桥,相门后庄,970路(西线),1,姑苏区,
相门后庄,葑门北,970路(西线),1,姑苏区,
葑门北,葑门西街,970路(西线),1,姑苏区,
葑门西街,觅渡桥北,970路(西线),1,姑苏区,
觅渡桥北,觅渡桥西,970路(西线),1,姑苏区,
觅渡桥西,南园桥西,970路(西线),1,姑苏区,
南园桥西,人民桥东,970路(西线),1,姑苏区,
人民桥东,裕棠桥,970路(西线),1,姑苏区,
裕棠桥,盘门,970路(西线),1,姑苏区,
盘门,解放新村,970路(西线),1,姑苏区,
解放新村,友新新村,970路(西线),1,姑苏区,
友新新村,桐泾公园西,970路(西线),1,姑苏区,
桐泾公园西,解放西路换乘枢纽站,970路(西线),1,姑苏区,
,,,,,
宝带西路首末站,锦沧名苑西,915路,1,姑苏区,
锦沧名苑西,中医院,915路,1,姑苏区,
中医院,沧浪新城第二实小,915路,1,姑苏区,
沧浪新城第二实小,鸿志桥,915路,1,姑苏区,
鸿志桥,福运公寓,915路,1,姑苏区,
福运公寓,梅亭苑,915路,1,姑苏区,
梅亭苑,唐胥桥,915路,1,姑苏区,
唐胥桥,劳动路实验小学校,915路,1,姑苏区,
劳动路实验小学校,胥涛路静岸街,915路,1,姑苏区,
胥涛路静岸街,桐馨桥北,915路,1,姑苏区,
桐馨桥北,彩虹新村东,915路,1,姑苏区,
彩虹新村东,彩香新村西,915路,1,姑苏区,
彩香新村西,彩香新村北,915路,1,姑苏区,
彩香新村北,烽火路北,915路,1,姑苏区,
烽火路北,广济南路,915路,1,姑苏区,
广济南路,石路老街坊,915路,1,姑苏区,
石路老街坊,慈济,915路,1,姑苏区,
慈济,儿童医院景德路院区,915路,1,姑苏区,
儿童医院景德路院区,宋仙洲巷,915路,1,姑苏区,
宋仙洲巷,光华中学,915路,1,姑苏区,
光华中学,桃花坞,915路,1,姑苏区,
桃花坞,平四路,915路,1,姑苏区,
平四路,平川路人民路西,915路,1,姑苏区,
平川路人民路西,平川路广济北路东,915路,1,姑苏区,
平川路广济北路东,苏锦二村东,915路,1,姑苏区,
苏锦二村东,苏锦,915路,1,姑苏区,
苏锦,山花桥南,915路,1,姑苏区,
,,,,,
